brand,series,capacity_gb,drive_type,interface,form_factor,rpm,sequential_read_mbps,sequential_write_mbps,nand_type,dram,hmb,tbw,performance_score,capacity_score,quality_score,endurance_score,overall_score,gear_tier,boot_suitability,gaming_suitability,bulk_suitability,archive_suitability,secondary_suitability,source_url,spec_confidence,notes
HGST,Deskstar HDD,500,HDD,SATA 6 Gbps,3.5-inch,7200,210,200,,,,,13,65,82,72,52,SCRAPBLADE,20,30,65,88,92,https://www.westerndigital.com/support,family,HDD family-level entry; exact throughput varies by platter generation/capacity.
HGST,Deskstar HDD,1000,HDD,SATA 6 Gbps,3.5-inch,7200,210,200,,,,,13,85,82,72,58,SCRAPBLADE,20,45,85,88,92,https://www.westerndigital.com/support,family,HDD family-level entry; exact throughput varies by platter generation/capacity.
HGST,Deskstar HDD,2000,HDD,SATA 6 Gbps,3.5-inch,7200,210,200,,,,,13,100,82,72,62,SCRAPBLADE,20,45,95,88,92,https://www.westerndigital.com/support,family,HDD family-level entry; exact throughput varies by platter generation/capacity.
HGST,Deskstar HDD,3000,HDD,SATA 6 Gbps,3.5-inch,7200,210,200,,,,,13,100,82,72,62,SCRAPBLADE,20,45,95,88,92,https://www.westerndigital.com/support,family,HDD family-level entry; exact throughput varies by platter generation/capacity.
HGST,Deskstar HDD,4000,HDD,SATA 6 Gbps,3.5-inch,7200,210,200,,,,,13,100,82,72,62,SCRAPBLADE,20,45,95,88,92,https://www.westerndigital.com/support,family,HDD family-level entry; exact throughput varies by platter generation/capacity.
HGST,Deskstar HDD,6000,HDD,SATA 6 Gbps,3.5-inch,7200,210,200,,,,,13,100,82,72,62,SCRAPBLADE,20,45,95,88,92,https://www.westerndigital.com/support,family,HDD family-level entry; exact throughput varies by platter generation/capacity.
HGST,Deskstar HDD,8000,HDD,SATA 6 Gbps,3.5-inch,7200,210,200,,,,,13,100,82,72,62,SCRAPBLADE,20,45,95,88,92,https://www.westerndigital.com/support,family,HDD family-level entry; exact throughput varies by platter generation/capacity.
HGST,Ultrastar HDD,1000,HDD,SATA 6 Gbps,3.5-inch,7200,210,200,,,,,13,85,94,72,61,SCRAPBLADE,20,45,85,88,92,https://www.westerndigital.com/support,family,HDD family-level entry; exact throughput varies by platter generation/capacity.
HGST,Ultrastar HDD,2000,HDD,SATA 6 Gbps,3.5-inch,7200,210,200,,,,,13,100,94,72,65,SCRAPBLADE,20,45,95,88,92,https://www.westerndigital.com/support,family,HDD family-level entry; exact throughput varies by platter generation/capacity.
HGST,Ultrastar HDD,3000,HDD,SATA 6 Gbps,3.5-inch,7200,210,200,,,,,13,100,94,72,65,SCRAPBLADE,20,45,95,88,92,https://www.westerndigital.com/support,family,HDD family-level entry; exact throughput varies by platter generation/capacity.
HGST,Ultrastar HDD,4000,HDD,SATA 6 Gbps,3.5-inch,7200,210,200,,,,,13,100,94,72,65,SCRAPBLADE,20,45,95,88,92,https://www.westerndigital.com/support,family,HDD family-level entry; exact throughput varies by platter generation/capacity.
HGST,Ultrastar HDD,6000,HDD,SATA 6 Gbps,3.5-inch,7200,210,200,,,,,13,100,94,72,65,SCRAPBLADE,20,45,95,88,92,https://www.westerndigital.com/support,family,HDD family-level entry; exact throughput varies by platter generation/capacity.
HGST,Ultrastar HDD,8000,HDD,SATA 6 Gbps,3.5-inch,7200,210,200,,,,,13,100,94,72,65,SCRAPBLADE,20,45,95,88,92,https://www.westerndigital.com/support,family,HDD family-level entry; exact throughput varies by platter generation/capacity.
HGST,Ultrastar HDD,10000,HDD,SATA 6 Gbps,3.5-inch,7200,210,200,,,,,13,100,94,72,65,SCRAPBLADE,20,45,95,88,92,https://www.westerndigital.com/support,family,HDD family-level entry; exact throughput varies by platter generation/capacity.
HGST,Ultrastar HDD,12000,HDD,SATA 6 Gbps,3.5-inch,7200,210,200,,,,,13,100,94,72,65,SCRAPBLADE,20,45,95,88,92,https://www.westerndigital.com/support,family,HDD family-level entry; exact throughput varies by platter generation/capacity.
HGST,Ultrastar HDD,14000,HDD,SATA 6 Gbps,3.5-inch,7200,210,200,,,,,13,100,94,72,65,SCRAPBLADE,20,45,95,88,92,https://www.westerndigital.com/support,family,HDD family-level entry; exact throughput varies by platter generation/capacity.
Seagate,BarraCuda HDD,500,HDD,SATA 6 Gbps,3.5-inch,7200,210,200,,,,,13,65,70,72,49,SCRAPBLADE,20,30,65,88,92,https://www.seagate.com/support/,family,HDD family-level entry; exact throughput varies by platter generation/capacity.
Seagate,BarraCuda HDD,1000,HDD,SATA 6 Gbps,3.5-inch,7200,210,200,,,,,13,85,70,72,55,SCRAPBLADE,20,45,85,88,92,https://www.seagate.com/support/,family,HDD family-level entry; exact throughput varies by platter generation/capacity.
Seagate,BarraCuda HDD,2000,HDD,SATA 6 Gbps,3.5-inch,7200,210,200,,,,,13,100,70,72,59,SCRAPBLADE,20,45,95,88,92,https://www.seagate.com/support/,family,HDD family-level entry; exact throughput varies by platter generation/capacity.
Seagate,BarraCuda HDD,3000,HDD,SATA 6 Gbps,3.5-inch,7200,210,200,,,,,13,100,70,72,59,SCRAPBLADE,20,45,95,88,92,https://www.seagate.com/support/,family,HDD family-level entry; exact throughput varies by platter generation/capacity.
Seagate,BarraCuda HDD,4000,HDD,SATA 6 Gbps,3.5-inch,7200,210,200,,,,,13,100,70,72,59,SCRAPBLADE,20,45,95,88,92,https://www.seagate.com/support/,family,HDD family-level entry; exact throughput varies by platter generation/capacity.
Seagate,BarraCuda HDD,6000,HDD,SATA 6 Gbps,3.5-inch,7200,210,200,,,,,13,100,70,72,59,SCRAPBLADE,20,45,95,88,92,https://www.seagate.com/support/,family,HDD family-level entry; exact throughput varies by platter generation/capacity.
Seagate,BarraCuda HDD,8000,HDD,SATA 6 Gbps,3.5-inch,7200,210,200,,,,,13,100,70,72,59,SCRAPBLADE,20,45,95,88,92,https://www.seagate.com/support/,family,HDD family-level entry; exact throughput varies by platter generation/capacity.
Seagate,BarraCuda Pro HDD,1000,HDD,SATA 6 Gbps,3.5-inch,7200,210,200,,,,,13,85,88,72,59,SCRAPBLADE,20,45,85,88,92,https://www.seagate.com/support/,family,HDD family-level entry; exact throughput varies by platter generation/capacity.
Seagate,BarraCuda Pro HDD,2000,HDD,SATA 6 Gbps,3.5-inch,7200,210,200,,,,,13,100,88,72,64,SCRAPBLADE,20,45,95,88,92,https://www.seagate.com/support/,family,HDD family-level entry; exact throughput varies by platter generation/capacity.
Seagate,BarraCuda Pro HDD,4000,HDD,SATA 6 Gbps,3.5-inch,7200,210,200,,,,,13,100,88,72,64,SCRAPBLADE,20,45,95,88,92,https://www.seagate.com/support/,family,HDD family-level entry; exact throughput varies by platter generation/capacity.
Seagate,BarraCuda Pro HDD,6000,HDD,SATA 6 Gbps,3.5-inch,7200,210,200,,,,,13,100,88,72,64,SCRAPBLADE,20,45,95,88,92,https://www.seagate.com/support/,family,HDD family-level entry; exact throughput varies by platter generation/capacity.
Seagate,BarraCuda Pro HDD,8000,HDD,SATA 6 Gbps,3.5-inch,7200,210,200,,,,,13,100,88,72,64,SCRAPBLADE,20,45,95,88,92,https://www.seagate.com/support/,family,HDD family-level entry; exact throughput varies by platter generation/capacity.
Seagate,BarraCuda Pro HDD,10000,HDD,SATA 6 Gbps,3.5-inch,7200,210,200,,,,,13,100,88,72,64,SCRAPBLADE,20,45,95,88,92,https://www.seagate.com/support/,family,HDD family-level entry; exact throughput varies by platter generation/capacity.
Seagate,BarraCuda Pro HDD,12000,HDD,SATA 6 Gbps,3.5-inch,7200,210,200,,,,,13,100,88,72,64,SCRAPBLADE,20,45,95,88,92,https://www.seagate.com/support/,family,HDD family-level entry; exact throughput varies by platter generation/capacity.
Seagate,BarraCuda Pro HDD,14000,HDD,SATA 6 Gbps,3.5-inch,7200,210,200,,,,,13,100,88,72,64,SCRAPBLADE,20,45,95,88,92,https://www.seagate.com/support/,family,HDD family-level entry; exact throughput varies by platter generation/capacity.
Seagate,Exos HDD,1000,HDD,SATA 6 Gbps,3.5-inch,7200,210,200,,,,,13,85,95,72,61,SCRAPBLADE,20,45,85,88,92,https://www.seagate.com/support/,family,HDD family-level entry; exact throughput varies by platter generation/capacity.
Seagate,Exos HDD,2000,HDD,SATA 6 Gbps,3.5-inch,7200,210,200,,,,,13,100,95,72,66,SCRAPBLADE,20,45,95,88,92,https://www.seagate.com/support/,family,HDD family-level entry; exact throughput varies by platter generation/capacity.
Seagate,Exos HDD,4000,HDD,SATA 6 Gbps,3.5-inch,7200,210,200,,,,,13,100,95,72,66,SCRAPBLADE,20,45,95,88,92,https://www.seagate.com/support/,family,HDD family-level entry; exact throughput varies by platter generation/capacity.
Seagate,Exos HDD,6000,HDD,SATA 6 Gbps,3.5-inch,7200,210,200,,,,,13,100,95,72,66,SCRAPBLADE,20,45,95,88,92,https://www.seagate.com/support/,family,HDD family-level entry; exact throughput varies by platter generation/capacity.
Seagate,Exos HDD,8000,HDD,SATA 6 Gbps,3.5-inch,7200,210,200,,,,,13,100,95,72,66,SCRAPBLADE,20,45,95,88,92,https://www.seagate.com/support/,family,HDD family-level entry; exact throughput varies by platter generation/capacity.
Seagate,Exos HDD,10000,HDD,SATA 6 Gbps,3.5-inch,7200,210,200,,,,,13,100,95,72,66,SCRAPBLADE,20,45,95,88,92,https://www.seagate.com/support/,family,HDD family-level entry; exact throughput varies by platter generation/capacity.
Seagate,Exos HDD,12000,HDD,SATA 6 Gbps,3.5-inch,7200,210,200,,,,,13,100,95,72,66,SCRAPBLADE,20,45,95,88,92,https://www.seagate.com/support/,family,HDD family-level entry; exact throughput varies by platter generation/capacity.
Seagate,Exos HDD,14000,HDD,SATA 6 Gbps,3.5-inch,7200,210,200,,,,,13,100,95,72,66,SCRAPBLADE,20,45,95,88,92,https://www.seagate.com/support/,family,HDD family-level entry; exact throughput varies by platter generation/capacity.
Seagate,Exos HDD,16000,HDD,SATA 6 Gbps,3.5-inch,7200,210,200,,,,,13,100,95,72,66,SCRAPBLADE,20,45,95,88,92,https://www.seagate.com/support/,family,HDD family-level entry; exact throughput varies by platter generation/capacity.
Seagate,Exos HDD,18000,HDD,SATA 6 Gbps,3.5-inch,7200,210,200,,,,,13,100,95,72,66,SCRAPBLADE,20,45,95,88,92,https://www.seagate.com/support/,family,HDD family-level entry; exact throughput varies by platter generation/capacity.
Seagate,Exos HDD,20000,HDD,SATA 6 Gbps,3.5-inch,7200,210,200,,,,,13,100,95,72,66,SCRAPBLADE,20,45,95,88,92,https://www.seagate.com/support/,family,HDD family-level entry; exact throughput varies by platter generation/capacity.
Seagate,Exos HDD,22000,HDD,SATA 6 Gbps,3.5-inch,7200,210,200,,,,,13,100,95,72,66,SCRAPBLADE,20,45,95,88,92,https://www.seagate.com/support/,family,HDD family-level entry; exact throughput varies by platter generation/capacity.
Seagate,Exos HDD,24000,HDD,SATA 6 Gbps,3.5-inch,7200,210,200,,,,,13,100,95,72,66,SCRAPBLADE,20,45,95,88,92,https://www.seagate.com/support/,family,HDD family-level entry; exact throughput varies by platter generation/capacity.
Seagate,Exos HDD,26000,HDD,SATA 6 Gbps,3.5-inch,7200,210,200,,,,,13,100,95,72,66,SCRAPBLADE,20,45,95,88,92,https://www.seagate.com/support/,family,HDD family-level entry; exact throughput varies by platter generation/capacity.
Seagate,Exos HDD,28000,HDD,SATA 6 Gbps,3.5-inch,7200,210,200,,,,,13,100,95,72,66,SCRAPBLADE,20,45,95,88,92,https://www.seagate.com/support/,family,HDD family-level entry; exact throughput varies by platter generation/capacity.
Seagate,Exos HDD,30000,HDD,SATA 6 Gbps,3.5-inch,7200,210,200,,,,,13,100,95,72,66,SCRAPBLADE,20,45,95,88,92,https://www.seagate.com/support/,family,HDD family-level entry; exact throughput varies by platter generation/capacity.
Seagate,FireCuda SSHD,1000,HDD,SATA 6 Gbps,3.5-inch,7200,210,200,,,,,13,85,76,72,56,SCRAPBLADE,20,45,85,88,92,https://www.seagate.com/support/,family,HDD family-level entry; exact throughput varies by platter generation/capacity.
Seagate,FireCuda SSHD,2000,HDD,SATA 6 Gbps,3.5-inch,7200,210,200,,,,,13,100,76,72,61,SCRAPBLADE,20,45,95,88,92,https://www.seagate.com/support/,family,HDD family-level entry; exact throughput varies by platter generation/capacity.
Seagate,IronWolf HDD,1000,HDD,SATA 6 Gbps,3.5-inch,7200,210,200,,,,,13,85,86,72,59,SCRAPBLADE,20,45,85,88,92,https://www.seagate.com/support/,family,HDD family-level entry; exact throughput varies by platter generation/capacity.
Seagate,IronWolf HDD,2000,HDD,SATA 6 Gbps,3.5-inch,7200,210,200,,,,,13,100,86,72,63,SCRAPBLADE,20,45,95,88,92,https://www.seagate.com/support/,family,HDD family-level entry; exact throughput varies by platter generation/capacity.
Seagate,IronWolf HDD,3000,HDD,SATA 6 Gbps,3.5-inch,7200,210,200,,,,,13,100,86,72,63,SCRAPBLADE,20,45,95,88,92,https://www.seagate.com/support/,family,HDD family-level entry; exact throughput varies by platter generation/capacity.
Seagate,IronWolf HDD,4000,HDD,SATA 6 Gbps,3.5-inch,7200,210,200,,,,,13,100,86,72,63,SCRAPBLADE,20,45,95,88,92,https://www.seagate.com/support/,family,HDD family-level entry; exact throughput varies by platter generation/capacity.
Seagate,IronWolf HDD,6000,HDD,SATA 6 Gbps,3.5-inch,7200,210,200,,,,,13,100,86,72,63,SCRAPBLADE,20,45,95,88,92,https://www.seagate.com/support/,family,HDD family-level entry; exact throughput varies by platter generation/capacity.
Seagate,IronWolf HDD,8000,HDD,SATA 6 Gbps,3.5-inch,7200,210,200,,,,,13,100,86,72,63,SCRAPBLADE,20,45,95,88,92,https://www.seagate.com/support/,family,HDD family-level entry; exact throughput varies by platter generation/capacity.
Seagate,IronWolf HDD,10000,HDD,SATA 6 Gbps,3.5-inch,7200,210,200,,,,,13,100,86,72,63,SCRAPBLADE,20,45,95,88,92,https://www.seagate.com/support/,family,HDD family-level entry; exact throughput varies by platter generation/capacity.
Seagate,IronWolf HDD,12000,HDD,SATA 6 Gbps,3.5-inch,7200,210,200,,,,,13,100,86,72,63,SCRAPBLADE,20,45,95,88,92,https://www.seagate.com/support/,family,HDD family-level entry; exact throughput varies by platter generation/capacity.
Seagate,IronWolf HDD,14000,HDD,SATA 6 Gbps,3.5-inch,7200,210,200,,,,,13,100,86,72,63,SCRAPBLADE,20,45,95,88,92,https://www.seagate.com/support/,family,HDD family-level entry; exact throughput varies by platter generation/capacity.
Seagate,IronWolf HDD,16000,HDD,SATA 6 Gbps,3.5-inch,7200,210,200,,,,,13,100,86,72,63,SCRAPBLADE,20,45,95,88,92,https://www.seagate.com/support/,family,HDD family-level entry; exact throughput varies by platter generation/capacity.
Seagate,IronWolf HDD,18000,HDD,SATA 6 Gbps,3.5-inch,7200,210,200,,,,,13,100,86,72,63,SCRAPBLADE,20,45,95,88,92,https://www.seagate.com/support/,family,HDD family-level entry; exact throughput varies by platter generation/capacity.
Seagate,IronWolf HDD,20000,HDD,SATA 6 Gbps,3.5-inch,7200,210,200,,,,,13,100,86,72,63,SCRAPBLADE,20,45,95,88,92,https://www.seagate.com/support/,family,HDD family-level entry; exact throughput varies by platter generation/capacity.
Seagate,IronWolf HDD,22000,HDD,SATA 6 Gbps,3.5-inch,7200,210,200,,,,,13,100,86,72,63,SCRAPBLADE,20,45,95,88,92,https://www.seagate.com/support/,family,HDD family-level entry; exact throughput varies by platter generation/capacity.
Seagate,IronWolf HDD,24000,HDD,SATA 6 Gbps,3.5-inch,7200,210,200,,,,,13,100,86,72,63,SCRAPBLADE,20,45,95,88,92,https://www.seagate.com/support/,family,HDD family-level entry; exact throughput varies by platter generation/capacity.
Seagate,IronWolf Pro HDD,2000,HDD,SATA 6 Gbps,3.5-inch,7200,210,200,,,,,13,100,92,72,65,SCRAPBLADE,20,45,95,88,92,https://www.seagate.com/support/,family,HDD family-level entry; exact throughput varies by platter generation/capacity.
Seagate,IronWolf Pro HDD,4000,HDD,SATA 6 Gbps,3.5-inch,7200,210,200,,,,,13,100,92,72,65,SCRAPBLADE,20,45,95,88,92,https://www.seagate.com/support/,family,HDD family-level entry; exact throughput varies by platter generation/capacity.
Seagate,IronWolf Pro HDD,6000,HDD,SATA 6 Gbps,3.5-inch,7200,210,200,,,,,13,100,92,72,65,SCRAPBLADE,20,45,95,88,92,https://www.seagate.com/support/,family,HDD family-level entry; exact throughput varies by platter generation/capacity.
Seagate,IronWolf Pro HDD,8000,HDD,SATA 6 Gbps,3.5-inch,7200,210,200,,,,,13,100,92,72,65,SCRAPBLADE,20,45,95,88,92,https://www.seagate.com/support/,family,HDD family-level entry; exact throughput varies by platter generation/capacity.
Seagate,IronWolf Pro HDD,10000,HDD,SATA 6 Gbps,3.5-inch,7200,210,200,,,,,13,100,92,72,65,SCRAPBLADE,20,45,95,88,92,https://www.seagate.com/support/,family,HDD family-level entry; exact throughput varies by platter generation/capacity.
Seagate,IronWolf Pro HDD,12000,HDD,SATA 6 Gbps,3.5-inch,7200,210,200,,,,,13,100,92,72,65,SCRAPBLADE,20,45,95,88,92,https://www.seagate.com/support/,family,HDD family-level entry; exact throughput varies by platter generation/capacity.
Seagate,IronWolf Pro HDD,14000,HDD,SATA 6 Gbps,3.5-inch,7200,210,200,,,,,13,100,92,72,65,SCRAPBLADE,20,45,95,88,92,https://www.seagate.com/support/,family,HDD family-level entry; exact throughput varies by platter generation/capacity.
Seagate,IronWolf Pro HDD,16000,HDD,SATA 6 Gbps,3.5-inch,7200,210,200,,,,,13,100,92,72,65,SCRAPBLADE,20,45,95,88,92,https://www.seagate.com/support/,family,HDD family-level entry; exact throughput varies by platter generation/capacity.
Seagate,IronWolf Pro HDD,18000,HDD,SATA 6 Gbps,3.5-inch,7200,210,200,,,,,13,100,92,72,65,SCRAPBLADE,20,45,95,88,92,https://www.seagate.com/support/,family,HDD family-level entry; exact throughput varies by platter generation/capacity.
Seagate,IronWolf Pro HDD,20000,HDD,SATA 6 Gbps,3.5-inch,7200,210,200,,,,,13,100,92,72,65,SCRAPBLADE,20,45,95,88,92,https://www.seagate.com/support/,family,HDD family-level entry; exact throughput varies by platter generation/capacity.
Seagate,IronWolf Pro HDD,22000,HDD,SATA 6 Gbps,3.5-inch,7200,210,200,,,,,13,100,92,72,65,SCRAPBLADE,20,45,95,88,92,https://www.seagate.com/support/,family,HDD family-level entry; exact throughput varies by platter generation/capacity.
Seagate,IronWolf Pro HDD,24000,HDD,SATA 6 Gbps,3.5-inch,7200,210,200,,,,,13,100,92,72,65,SCRAPBLADE,20,45,95,88,92,https://www.seagate.com/support/,family,HDD family-level entry; exact throughput varies by platter generation/capacity.
Seagate,SkyHawk AI HDD,8000,HDD,SATA 6 Gbps,3.5-inch,7200,210,200,,,,,13,100,88,72,64,SCRAPBLADE,20,45,95,88,92,https://www.seagate.com/support/,family,HDD family-level entry; exact throughput varies by platter generation/capacity.
Seagate,SkyHawk AI HDD,10000,HDD,SATA 6 Gbps,3.5-inch,7200,210,200,,,,,13,100,88,72,64,SCRAPBLADE,20,45,95,88,92,https://www.seagate.com/support/,family,HDD family-level entry; exact throughput varies by platter generation/capacity.
Seagate,SkyHawk AI HDD,12000,HDD,SATA 6 Gbps,3.5-inch,7200,210,200,,,,,13,100,88,72,64,SCRAPBLADE,20,45,95,88,92,https://www.seagate.com/support/,family,HDD family-level entry; exact throughput varies by platter generation/capacity.
Seagate,SkyHawk AI HDD,14000,HDD,SATA 6 Gbps,3.5-inch,7200,210,200,,,,,13,100,88,72,64,SCRAPBLADE,20,45,95,88,92,https://www.seagate.com/support/,family,HDD family-level entry; exact throughput varies by platter generation/capacity.
Seagate,SkyHawk AI HDD,16000,HDD,SATA 6 Gbps,3.5-inch,7200,210,200,,,,,13,100,88,72,64,SCRAPBLADE,20,45,95,88,92,https://www.seagate.com/support/,family,HDD family-level entry; exact throughput varies by platter generation/capacity.
Seagate,SkyHawk AI HDD,18000,HDD,SATA 6 Gbps,3.5-inch,7200,210,200,,,,,13,100,88,72,64,SCRAPBLADE,20,45,95,88,92,https://www.seagate.com/support/,family,HDD family-level entry; exact throughput varies by platter generation/capacity.
Seagate,SkyHawk AI HDD,20000,HDD,SATA 6 Gbps,3.5-inch,7200,210,200,,,,,13,100,88,72,64,SCRAPBLADE,20,45,95,88,92,https://www.seagate.com/support/,family,HDD family-level entry; exact throughput varies by platter generation/capacity.
Seagate,SkyHawk AI HDD,24000,HDD,SATA 6 Gbps,3.5-inch,7200,210,200,,,,,13,100,88,72,64,SCRAPBLADE,20,45,95,88,92,https://www.seagate.com/support/,family,HDD family-level entry; exact throughput varies by platter generation/capacity.
Seagate,SkyHawk HDD,1000,HDD,SATA 6 Gbps,3.5-inch,7200,210,200,,,,,13,85,82,72,58,SCRAPBLADE,20,45,85,88,92,https://www.seagate.com/support/,family,HDD family-level entry; exact throughput varies by platter generation/capacity.
Seagate,SkyHawk HDD,2000,HDD,SATA 6 Gbps,3.5-inch,7200,210,200,,,,,13,100,82,72,62,SCRAPBLADE,20,45,95,88,92,https://www.seagate.com/support/,family,HDD family-level entry; exact throughput varies by platter generation/capacity.
Seagate,SkyHawk HDD,3000,HDD,SATA 6 Gbps,3.5-inch,7200,210,200,,,,,13,100,82,72,62,SCRAPBLADE,20,45,95,88,92,https://www.seagate.com/support/,family,HDD family-level entry; exact throughput varies by platter generation/capacity.
Seagate,SkyHawk HDD,4000,HDD,SATA 6 Gbps,3.5-inch,7200,210,200,,,,,13,100,82,72,62,SCRAPBLADE,20,45,95,88,92,https://www.seagate.com/support/,family,HDD family-level entry; exact throughput varies by platter generation/capacity.
Seagate,SkyHawk HDD,6000,HDD,SATA 6 Gbps,3.5-inch,7200,210,200,,,,,13,100,82,72,62,SCRAPBLADE,20,45,95,88,92,https://www.seagate.com/support/,family,HDD family-level entry; exact throughput varies by platter generation/capacity.
Seagate,SkyHawk HDD,8000,HDD,SATA 6 Gbps,3.5-inch,7200,210,200,,,,,13,100,82,72,62,SCRAPBLADE,20,45,95,88,92,https://www.seagate.com/support/,family,HDD family-level entry; exact throughput varies by platter generation/capacity.
Seagate,SkyHawk HDD,10000,HDD,SATA 6 Gbps,3.5-inch,7200,210,200,,,,,13,100,82,72,62,SCRAPBLADE,20,45,95,88,92,https://www.seagate.com/support/,family,HDD family-level entry; exact throughput varies by platter generation/capacity.
Seagate,SkyHawk HDD,12000,HDD,SATA 6 Gbps,3.5-inch,7200,210,200,,,,,13,100,82,72,62,SCRAPBLADE,20,45,95,88,92,https://www.seagate.com/support/,family,HDD family-level entry; exact throughput varies by platter generation/capacity.
Seagate,SkyHawk HDD,14000,HDD,SATA 6 Gbps,3.5-inch,7200,210,200,,,,,13,100,82,72,62,SCRAPBLADE,20,45,95,88,92,https://www.seagate.com/support/,family,HDD family-level entry; exact throughput varies by platter generation/capacity.
Seagate,SkyHawk HDD,16000,HDD,SATA 6 Gbps,3.5-inch,7200,210,200,,,,,13,100,82,72,62,SCRAPBLADE,20,45,95,88,92,https://www.seagate.com/support/,family,HDD family-level entry; exact throughput varies by platter generation/capacity.
Seagate,SkyHawk HDD,18000,HDD,SATA 6 Gbps,3.5-inch,7200,210,200,,,,,13,100,82,72,62,SCRAPBLADE,20,45,95,88,92,https://www.seagate.com/support/,family,HDD family-level entry; exact throughput varies by platter generation/capacity.
Seagate,SkyHawk HDD,20000,HDD,SATA 6 Gbps,3.5-inch,7200,210,200,,,,,13,100,82,72,62,SCRAPBLADE,20,45,95,88,92,https://www.seagate.com/support/,family,HDD family-level entry; exact throughput varies by platter generation/capacity.
Seagate,SkyHawk HDD,22000,HDD,SATA 6 Gbps,3.5-inch,7200,210,200,,,,,13,100,82,72,62,SCRAPBLADE,20,45,95,88,92,https://www.seagate.com/support/,family,HDD family-level entry; exact throughput varies by platter generation/capacity.
Seagate,SkyHawk HDD,24000,HDD,SATA 6 Gbps,3.5-inch,7200,210,200,,,,,13,100,82,72,62,SCRAPBLADE,20,45,95,88,92,https://www.seagate.com/support/,family,HDD family-level entry; exact throughput varies by platter generation/capacity.
Toshiba,DT01ACA HDD,500,HDD,SATA 6 Gbps,3.5-inch,7200,210,200,,,,,13,65,70,72,49,SCRAPBLADE,20,30,65,88,92,https://www.toshiba-storage.com/,family,HDD family-level entry; exact throughput varies by platter generation/capacity.
Toshiba,DT01ACA HDD,1000,HDD,SATA 6 Gbps,3.5-inch,7200,210,200,,,,,13,85,70,72,55,SCRAPBLADE,20,45,85,88,92,https://www.toshiba-storage.com/,family,HDD family-level entry; exact throughput varies by platter generation/capacity.
Toshiba,DT01ACA HDD,2000,HDD,SATA 6 Gbps,3.5-inch,7200,210,200,,,,,13,100,70,72,59,SCRAPBLADE,20,45,95,88,92,https://www.toshiba-storage.com/,family,HDD family-level entry; exact throughput varies by platter generation/capacity.
Toshiba,DT01ACA HDD,3000,HDD,SATA 6 Gbps,3.5-inch,7200,210,200,,,,,13,100,70,72,59,SCRAPBLADE,20,45,95,88,92,https://www.toshiba-storage.com/,family,HDD family-level entry; exact throughput varies by platter generation/capacity.
Toshiba,N300 HDD,4000,HDD,SATA 6 Gbps,3.5-inch,7200,210,200,,,,,13,100,90,72,64,SCRAPBLADE,20,45,95,88,92,https://www.toshiba-storage.com/,family,HDD family-level entry; exact throughput varies by platter generation/capacity.
Toshiba,N300 HDD,6000,HDD,SATA 6 Gbps,3.5-inch,7200,210,200,,,,,13,100,90,72,64,SCRAPBLADE,20,45,95,88,92,https://www.toshiba-storage.com/,family,HDD family-level entry; exact throughput varies by platter generation/capacity.
Toshiba,N300 HDD,8000,HDD,SATA 6 Gbps,3.5-inch,7200,210,200,,,,,13,100,90,72,64,SCRAPBLADE,20,45,95,88,92,https://www.toshiba-storage.com/,family,HDD family-level entry; exact throughput varies by platter generation/capacity.
Toshiba,N300 HDD,10000,HDD,SATA 6 Gbps,3.5-inch,7200,210,200,,,,,13,100,90,72,64,SCRAPBLADE,20,45,95,88,92,https://www.toshiba-storage.com/,family,HDD family-level entry; exact throughput varies by platter generation/capacity.
Toshiba,N300 HDD,12000,HDD,SATA 6 Gbps,3.5-inch,7200,210,200,,,,,13,100,90,72,64,SCRAPBLADE,20,45,95,88,92,https://www.toshiba-storage.com/,family,HDD family-level entry; exact throughput varies by platter generation/capacity.
Toshiba,N300 HDD,14000,HDD,SATA 6 Gbps,3.5-inch,7200,210,200,,,,,13,100,90,72,64,SCRAPBLADE,20,45,95,88,92,https://www.toshiba-storage.com/,family,HDD family-level entry; exact throughput varies by platter generation/capacity.
Toshiba,N300 HDD,16000,HDD,SATA 6 Gbps,3.5-inch,7200,210,200,,,,,13,100,90,72,64,SCRAPBLADE,20,45,95,88,92,https://www.toshiba-storage.com/,family,HDD family-level entry; exact throughput varies by platter generation/capacity.
Toshiba,N300 HDD,18000,HDD,SATA 6 Gbps,3.5-inch,7200,210,200,,,,,13,100,90,72,64,SCRAPBLADE,20,45,95,88,92,https://www.toshiba-storage.com/,family,HDD family-level entry; exact throughput varies by platter generation/capacity.
Toshiba,N300 HDD,20000,HDD,SATA 6 Gbps,3.5-inch,7200,210,200,,,,,13,100,90,72,64,SCRAPBLADE,20,45,95,88,92,https://www.toshiba-storage.com/,family,HDD family-level entry; exact throughput varies by platter generation/capacity.
Toshiba,N300 HDD,22000,HDD,SATA 6 Gbps,3.5-inch,7200,210,200,,,,,13,100,90,72,64,SCRAPBLADE,20,45,95,88,92,https://www.toshiba-storage.com/,family,HDD family-level entry; exact throughput varies by platter generation/capacity.
Toshiba,P300 HDD,500,HDD,SATA 6 Gbps,3.5-inch,7200,210,200,,,,,13,65,72,72,49,SCRAPBLADE,20,30,65,88,92,https://www.toshiba-storage.com/,family,HDD family-level entry; exact throughput varies by platter generation/capacity.
Toshiba,P300 HDD,1000,HDD,SATA 6 Gbps,3.5-inch,7200,210,200,,,,,13,85,72,72,55,SCRAPBLADE,20,45,85,88,92,https://www.toshiba-storage.com/,family,HDD family-level entry; exact throughput varies by platter generation/capacity.
Toshiba,P300 HDD,2000,HDD,SATA 6 Gbps,3.5-inch,7200,210,200,,,,,13,100,72,72,60,SCRAPBLADE,20,45,95,88,92,https://www.toshiba-storage.com/,family,HDD family-level entry; exact throughput varies by platter generation/capacity.
Toshiba,P300 HDD,3000,HDD,SATA 6 Gbps,3.5-inch,7200,210,200,,,,,13,100,72,72,60,SCRAPBLADE,20,45,95,88,92,https://www.toshiba-storage.com/,family,HDD family-level entry; exact throughput varies by platter generation/capacity.
Toshiba,P300 HDD,4000,HDD,SATA 6 Gbps,3.5-inch,7200,210,200,,,,,13,100,72,72,60,SCRAPBLADE,20,45,95,88,92,https://www.toshiba-storage.com/,family,HDD family-level entry; exact throughput varies by platter generation/capacity.
Toshiba,P300 HDD,6000,HDD,SATA 6 Gbps,3.5-inch,7200,210,200,,,,,13,100,72,72,60,SCRAPBLADE,20,45,95,88,92,https://www.toshiba-storage.com/,family,HDD family-level entry; exact throughput varies by platter generation/capacity.
Toshiba,S300 HDD,1000,HDD,SATA 6 Gbps,3.5-inch,5400,160,150,,,,,8,85,78,72,55,SCRAPBLADE,20,45,85,88,92,https://www.toshiba-storage.com/,family,HDD family-level entry; exact throughput varies by platter generation/capacity.
Toshiba,S300 HDD,2000,HDD,SATA 6 Gbps,3.5-inch,5400,160,150,,,,,8,100,78,72,60,SCRAPBLADE,20,45,95,88,92,https://www.toshiba-storage.com/,family,HDD family-level entry; exact throughput varies by platter generation/capacity.
Toshiba,S300 HDD,4000,HDD,SATA 6 Gbps,3.5-inch,5400,160,150,,,,,8,100,78,72,60,SCRAPBLADE,20,45,95,88,92,https://www.toshiba-storage.com/,family,HDD family-level entry; exact throughput varies by platter generation/capacity.
Toshiba,S300 HDD,6000,HDD,SATA 6 Gbps,3.5-inch,5400,160,150,,,,,8,100,78,72,60,SCRAPBLADE,20,45,95,88,92,https://www.toshiba-storage.com/,family,HDD family-level entry; exact throughput varies by platter generation/capacity.
Toshiba,S300 HDD,8000,HDD,SATA 6 Gbps,3.5-inch,5400,160,150,,,,,8,100,78,72,60,SCRAPBLADE,20,45,95,88,92,https://www.toshiba-storage.com/,family,HDD family-level entry; exact throughput varies by platter generation/capacity.
Toshiba,S300 HDD,10000,HDD,SATA 6 Gbps,3.5-inch,5400,160,150,,,,,8,100,78,72,60,SCRAPBLADE,20,45,95,88,92,https://www.toshiba-storage.com/,family,HDD family-level entry; exact throughput varies by platter generation/capacity.
Toshiba,X300 HDD,4000,HDD,SATA 6 Gbps,3.5-inch,7200,210,200,,,,,13,100,88,72,64,SCRAPBLADE,20,45,95,88,92,https://www.toshiba-storage.com/,family,HDD family-level entry; exact throughput varies by platter generation/capacity.
Toshiba,X300 HDD,5000,HDD,SATA 6 Gbps,3.5-inch,7200,210,200,,,,,13,100,88,72,64,SCRAPBLADE,20,45,95,88,92,https://www.toshiba-storage.com/,family,HDD family-level entry; exact throughput varies by platter generation/capacity.
Toshiba,X300 HDD,6000,HDD,SATA 6 Gbps,3.5-inch,7200,210,200,,,,,13,100,88,72,64,SCRAPBLADE,20,45,95,88,92,https://www.toshiba-storage.com/,family,HDD family-level entry; exact throughput varies by platter generation/capacity.
Toshiba,X300 HDD,8000,HDD,SATA 6 Gbps,3.5-inch,7200,210,200,,,,,13,100,88,72,64,SCRAPBLADE,20,45,95,88,92,https://www.toshiba-storage.com/,family,HDD family-level entry; exact throughput varies by platter generation/capacity.
Toshiba,X300 HDD,10000,HDD,SATA 6 Gbps,3.5-inch,7200,210,200,,,,,13,100,88,72,64,SCRAPBLADE,20,45,95,88,92,https://www.toshiba-storage.com/,family,HDD family-level entry; exact throughput varies by platter generation/capacity.
Toshiba,X300 HDD,12000,HDD,SATA 6 Gbps,3.5-inch,7200,210,200,,,,,13,100,88,72,64,SCRAPBLADE,20,45,95,88,92,https://www.toshiba-storage.com/,family,HDD family-level entry; exact throughput varies by platter generation/capacity.
Toshiba,X300 HDD,14000,HDD,SATA 6 Gbps,3.5-inch,7200,210,200,,,,,13,100,88,72,64,SCRAPBLADE,20,45,95,88,92,https://www.toshiba-storage.com/,family,HDD family-level entry; exact throughput varies by platter generation/capacity.
Toshiba,X300 HDD,16000,HDD,SATA 6 Gbps,3.5-inch,7200,210,200,,,,,13,100,88,72,64,SCRAPBLADE,20,45,95,88,92,https://www.toshiba-storage.com/,family,HDD family-level entry; exact throughput varies by platter generation/capacity.
Toshiba,X300 HDD,18000,HDD,SATA 6 Gbps,3.5-inch,7200,210,200,,,,,13,100,88,72,64,SCRAPBLADE,20,45,95,88,92,https://www.toshiba-storage.com/,family,HDD family-level entry; exact throughput varies by platter generation/capacity.
Toshiba,X300 HDD,20000,HDD,SATA 6 Gbps,3.5-inch,7200,210,200,,,,,13,100,88,72,64,SCRAPBLADE,20,45,95,88,92,https://www.toshiba-storage.com/,family,HDD family-level entry; exact throughput varies by platter generation/capacity.
Toshiba,X300 HDD,22000,HDD,SATA 6 Gbps,3.5-inch,7200,210,200,,,,,13,100,88,72,64,SCRAPBLADE,20,45,95,88,92,https://www.toshiba-storage.com/,family,HDD family-level entry; exact throughput varies by platter generation/capacity.
Western Digital,WD Black HDD,1000,HDD,SATA 6 Gbps,3.5-inch,7200,210,200,,,,,13,85,88,72,59,SCRAPBLADE,20,45,85,88,92,https://support-en.wd.com/,family,HDD family-level entry; exact throughput varies by platter generation/capacity.
Western Digital,WD Black HDD,2000,HDD,SATA 6 Gbps,3.5-inch,7200,210,200,,,,,13,100,88,72,64,SCRAPBLADE,20,45,95,88,92,https://support-en.wd.com/,family,HDD family-level entry; exact throughput varies by platter generation/capacity.
Western Digital,WD Black HDD,4000,HDD,SATA 6 Gbps,3.5-inch,7200,210,200,,,,,13,100,88,72,64,SCRAPBLADE,20,45,95,88,92,https://support-en.wd.com/,family,HDD family-level entry; exact throughput varies by platter generation/capacity.
Western Digital,WD Black HDD,6000,HDD,SATA 6 Gbps,3.5-inch,7200,210,200,,,,,13,100,88,72,64,SCRAPBLADE,20,45,95,88,92,https://support-en.wd.com/,family,HDD family-level entry; exact throughput varies by platter generation/capacity.
Western Digital,WD Black HDD,8000,HDD,SATA 6 Gbps,3.5-inch,7200,210,200,,,,,13,100,88,72,64,SCRAPBLADE,20,45,95,88,92,https://support-en.wd.com/,family,HDD family-level entry; exact throughput varies by platter generation/capacity.
Western Digital,WD Black HDD,10000,HDD,SATA 6 Gbps,3.5-inch,7200,210,200,,,,,13,100,88,72,64,SCRAPBLADE,20,45,95,88,92,https://support-en.wd.com/,family,HDD family-level entry; exact throughput varies by platter generation/capacity.
Western Digital,WD Blue HDD,500,HDD,SATA 6 Gbps,3.5-inch,7200,210,200,,,,,13,65,72,72,49,SCRAPBLADE,20,30,65,88,92,https://support-en.wd.com/,family,HDD family-level entry; exact throughput varies by platter generation/capacity.
Western Digital,WD Blue HDD,1000,HDD,SATA 6 Gbps,3.5-inch,7200,210,200,,,,,13,85,72,72,55,SCRAPBLADE,20,45,85,88,92,https://support-en.wd.com/,family,HDD family-level entry; exact throughput varies by platter generation/capacity.
Western Digital,WD Blue HDD,2000,HDD,SATA 6 Gbps,3.5-inch,7200,210,200,,,,,13,100,72,72,60,SCRAPBLADE,20,45,95,88,92,https://support-en.wd.com/,family,HDD family-level entry; exact throughput varies by platter generation/capacity.
Western Digital,WD Blue HDD,4000,HDD,SATA 6 Gbps,3.5-inch,7200,210,200,,,,,13,100,72,72,60,SCRAPBLADE,20,45,95,88,92,https://support-en.wd.com/,family,HDD family-level entry; exact throughput varies by platter generation/capacity.
Western Digital,WD Blue HDD,6000,HDD,SATA 6 Gbps,3.5-inch,7200,210,200,,,,,13,100,72,72,60,SCRAPBLADE,20,45,95,88,92,https://support-en.wd.com/,family,HDD family-level entry; exact throughput varies by platter generation/capacity.
Western Digital,WD Blue HDD,8000,HDD,SATA 6 Gbps,3.5-inch,7200,210,200,,,,,13,100,72,72,60,SCRAPBLADE,20,45,95,88,92,https://support-en.wd.com/,family,HDD family-level entry; exact throughput varies by platter generation/capacity.
Western Digital,WD Gold HDD,1000,HDD,SATA 6 Gbps,3.5-inch,7200,210,200,,,,,13,85,94,72,61,SCRAPBLADE,20,45,85,88,92,https://support-en.wd.com/,family,HDD family-level entry; exact throughput varies by platter generation/capacity.
Western Digital,WD Gold HDD,2000,HDD,SATA 6 Gbps,3.5-inch,7200,210,200,,,,,13,100,94,72,65,SCRAPBLADE,20,45,95,88,92,https://support-en.wd.com/,family,HDD family-level entry; exact throughput varies by platter generation/capacity.
Western Digital,WD Gold HDD,4000,HDD,SATA 6 Gbps,3.5-inch,7200,210,200,,,,,13,100,94,72,65,SCRAPBLADE,20,45,95,88,92,https://support-en.wd.com/,family,HDD family-level entry; exact throughput varies by platter generation/capacity.
Western Digital,WD Gold HDD,6000,HDD,SATA 6 Gbps,3.5-inch,7200,210,200,,,,,13,100,94,72,65,SCRAPBLADE,20,45,95,88,92,https://support-en.wd.com/,family,HDD family-level entry; exact throughput varies by platter generation/capacity.
Western Digital,WD Gold HDD,8000,HDD,SATA 6 Gbps,3.5-inch,7200,210,200,,,,,13,100,94,72,65,SCRAPBLADE,20,45,95,88,92,https://support-en.wd.com/,family,HDD family-level entry; exact throughput varies by platter generation/capacity.
Western Digital,WD Gold HDD,10000,HDD,SATA 6 Gbps,3.5-inch,7200,210,200,,,,,13,100,94,72,65,SCRAPBLADE,20,45,95,88,92,https://support-en.wd.com/,family,HDD family-level entry; exact throughput varies by platter generation/capacity.
Western Digital,WD Gold HDD,12000,HDD,SATA 6 Gbps,3.5-inch,7200,210,200,,,,,13,100,94,72,65,SCRAPBLADE,20,45,95,88,92,https://support-en.wd.com/,family,HDD family-level entry; exact throughput varies by platter generation/capacity.
Western Digital,WD Gold HDD,14000,HDD,SATA 6 Gbps,3.5-inch,7200,210,200,,,,,13,100,94,72,65,SCRAPBLADE,20,45,95,88,92,https://support-en.wd.com/,family,HDD family-level entry; exact throughput varies by platter generation/capacity.
Western Digital,WD Gold HDD,16000,HDD,SATA 6 Gbps,3.5-inch,7200,210,200,,,,,13,100,94,72,65,SCRAPBLADE,20,45,95,88,92,https://support-en.wd.com/,family,HDD family-level entry; exact throughput varies by platter generation/capacity.
Western Digital,WD Gold HDD,18000,HDD,SATA 6 Gbps,3.5-inch,7200,210,200,,,,,13,100,94,72,65,SCRAPBLADE,20,45,95,88,92,https://support-en.wd.com/,family,HDD family-level entry; exact throughput varies by platter generation/capacity.
Western Digital,WD Gold HDD,20000,HDD,SATA 6 Gbps,3.5-inch,7200,210,200,,,,,13,100,94,72,65,SCRAPBLADE,20,45,95,88,92,https://support-en.wd.com/,family,HDD family-level entry; exact throughput varies by platter generation/capacity.
Western Digital,WD Gold HDD,22000,HDD,SATA 6 Gbps,3.5-inch,7200,210,200,,,,,13,100,94,72,65,SCRAPBLADE,20,45,95,88,92,https://support-en.wd.com/,family,HDD family-level entry; exact throughput varies by platter generation/capacity.
Western Digital,WD Gold HDD,24000,HDD,SATA 6 Gbps,3.5-inch,7200,210,200,,,,,13,100,94,72,65,SCRAPBLADE,20,45,95,88,92,https://support-en.wd.com/,family,HDD family-level entry; exact throughput varies by platter generation/capacity.
Western Digital,WD Green HDD,500,HDD,SATA 6 Gbps,3.5-inch,5400,160,150,,,,,8,65,62,72,45,SCRAPBLADE,20,30,65,88,92,https://support-en.wd.com/,family,HDD family-level entry; exact throughput varies by platter generation/capacity.
Western Digital,WD Green HDD,1000,HDD,SATA 6 Gbps,3.5-inch,5400,160,150,,,,,8,85,62,72,51,SCRAPBLADE,20,45,85,88,92,https://support-en.wd.com/,family,HDD family-level entry; exact throughput varies by platter generation/capacity.
Western Digital,WD Green HDD,2000,HDD,SATA 6 Gbps,3.5-inch,5400,160,150,,,,,8,100,62,72,56,SCRAPBLADE,20,45,95,88,92,https://support-en.wd.com/,family,HDD family-level entry; exact throughput varies by platter generation/capacity.
Western Digital,WD Green HDD,3000,HDD,SATA 6 Gbps,3.5-inch,5400,160,150,,,,,8,100,62,72,56,SCRAPBLADE,20,45,95,88,92,https://support-en.wd.com/,family,HDD family-level entry; exact throughput varies by platter generation/capacity.
Western Digital,WD Green HDD,4000,HDD,SATA 6 Gbps,3.5-inch,5400,160,150,,,,,8,100,62,72,56,SCRAPBLADE,20,45,95,88,92,https://support-en.wd.com/,family,HDD family-level entry; exact throughput varies by platter generation/capacity.
Western Digital,WD Green HDD,6000,HDD,SATA 6 Gbps,3.5-inch,5400,160,150,,,,,8,100,62,72,56,SCRAPBLADE,20,45,95,88,92,https://support-en.wd.com/,family,HDD family-level entry; exact throughput varies by platter generation/capacity.
Western Digital,WD Purple HDD,1000,HDD,SATA 6 Gbps,3.5-inch,5400,160,150,,,,,8,85,80,72,56,SCRAPBLADE,20,45,85,88,92,https://support-en.wd.com/,family,HDD family-level entry; exact throughput varies by platter generation/capacity.
Western Digital,WD Purple HDD,2000,HDD,SATA 6 Gbps,3.5-inch,5400,160,150,,,,,8,100,80,72,60,SCRAPBLADE,20,45,95,88,92,https://support-en.wd.com/,family,HDD family-level entry; exact throughput varies by platter generation/capacity.
Western Digital,WD Purple HDD,3000,HDD,SATA 6 Gbps,3.5-inch,5400,160,150,,,,,8,100,80,72,60,SCRAPBLADE,20,45,95,88,92,https://support-en.wd.com/,family,HDD family-level entry; exact throughput varies by platter generation/capacity.
Western Digital,WD Purple HDD,4000,HDD,SATA 6 Gbps,3.5-inch,5400,160,150,,,,,8,100,80,72,60,SCRAPBLADE,20,45,95,88,92,https://support-en.wd.com/,family,HDD family-level entry; exact throughput varies by platter generation/capacity.
Western Digital,WD Purple HDD,6000,HDD,SATA 6 Gbps,3.5-inch,5400,160,150,,,,,8,100,80,72,60,SCRAPBLADE,20,45,95,88,92,https://support-en.wd.com/,family,HDD family-level entry; exact throughput varies by platter generation/capacity.
Western Digital,WD Purple HDD,8000,HDD,SATA 6 Gbps,3.5-inch,5400,160,150,,,,,8,100,80,72,60,SCRAPBLADE,20,45,95,88,92,https://support-en.wd.com/,family,HDD family-level entry; exact throughput varies by platter generation/capacity.
Western Digital,WD Purple HDD,10000,HDD,SATA 6 Gbps,3.5-inch,5400,160,150,,,,,8,100,80,72,60,SCRAPBLADE,20,45,95,88,92,https://support-en.wd.com/,family,HDD family-level entry; exact throughput varies by platter generation/capacity.
Western Digital,WD Purple HDD,12000,HDD,SATA 6 Gbps,3.5-inch,5400,160,150,,,,,8,100,80,72,60,SCRAPBLADE,20,45,95,88,92,https://support-en.wd.com/,family,HDD family-level entry; exact throughput varies by platter generation/capacity.
Western Digital,WD Purple HDD,14000,HDD,SATA 6 Gbps,3.5-inch,5400,160,150,,,,,8,100,80,72,60,SCRAPBLADE,20,45,95,88,92,https://support-en.wd.com/,family,HDD family-level entry; exact throughput varies by platter generation/capacity.
Western Digital,WD Purple HDD,18000,HDD,SATA 6 Gbps,3.5-inch,5400,160,150,,,,,8,100,80,72,60,SCRAPBLADE,20,45,95,88,92,https://support-en.wd.com/,family,HDD family-level entry; exact throughput varies by platter generation/capacity.
Western Digital,WD Purple HDD,22000,HDD,SATA 6 Gbps,3.5-inch,5400,160,150,,,,,8,100,80,72,60,SCRAPBLADE,20,45,95,88,92,https://support-en.wd.com/,family,HDD family-level entry; exact throughput varies by platter generation/capacity.
Western Digital,WD Red HDD,1000,HDD,SATA 6 Gbps,3.5-inch,5400,160,150,,,,,8,85,80,72,56,SCRAPBLADE,20,45,85,88,92,https://support-en.wd.com/,family,HDD family-level entry; exact throughput varies by platter generation/capacity.
Western Digital,WD Red HDD,2000,HDD,SATA 6 Gbps,3.5-inch,5400,160,150,,,,,8,100,80,72,60,SCRAPBLADE,20,45,95,88,92,https://support-en.wd.com/,family,HDD family-level entry; exact throughput varies by platter generation/capacity.
Western Digital,WD Red HDD,3000,HDD,SATA 6 Gbps,3.5-inch,5400,160,150,,,,,8,100,80,72,60,SCRAPBLADE,20,45,95,88,92,https://support-en.wd.com/,family,HDD family-level entry; exact throughput varies by platter generation/capacity.
Western Digital,WD Red HDD,4000,HDD,SATA 6 Gbps,3.5-inch,5400,160,150,,,,,8,100,80,72,60,SCRAPBLADE,20,45,95,88,92,https://support-en.wd.com/,family,HDD family-level entry; exact throughput varies by platter generation/capacity.
Western Digital,WD Red HDD,6000,HDD,SATA 6 Gbps,3.5-inch,5400,160,150,,,,,8,100,80,72,60,SCRAPBLADE,20,45,95,88,92,https://support-en.wd.com/,family,HDD family-level entry; exact throughput varies by platter generation/capacity.
Western Digital,WD Red HDD,8000,HDD,SATA 6 Gbps,3.5-inch,5400,160,150,,,,,8,100,80,72,60,SCRAPBLADE,20,45,95,88,92,https://support-en.wd.com/,family,HDD family-level entry; exact throughput varies by platter generation/capacity.
Western Digital,WD Red HDD,10000,HDD,SATA 6 Gbps,3.5-inch,5400,160,150,,,,,8,100,80,72,60,SCRAPBLADE,20,45,95,88,92,https://support-en.wd.com/,family,HDD family-level entry; exact throughput varies by platter generation/capacity.
Western Digital,WD Red HDD,12000,HDD,SATA 6 Gbps,3.5-inch,5400,160,150,,,,,8,100,80,72,60,SCRAPBLADE,20,45,95,88,92,https://support-en.wd.com/,family,HDD family-level entry; exact throughput varies by platter generation/capacity.
Western Digital,WD Red HDD,14000,HDD,SATA 6 Gbps,3.5-inch,5400,160,150,,,,,8,100,80,72,60,SCRAPBLADE,20,45,95,88,92,https://support-en.wd.com/,family,HDD family-level entry; exact throughput varies by platter generation/capacity.
Western Digital,WD Red Plus HDD,1000,HDD,SATA 6 Gbps,3.5-inch,5400,160,150,,,,,8,85,84,72,56,SCRAPBLADE,20,45,85,88,92,https://support-en.wd.com/,family,HDD family-level entry; exact throughput varies by platter generation/capacity.
Western Digital,WD Red Plus HDD,2000,HDD,SATA 6 Gbps,3.5-inch,5400,160,150,,,,,8,100,84,72,61,SCRAPBLADE,20,45,95,88,92,https://support-en.wd.com/,family,HDD family-level entry; exact throughput varies by platter generation/capacity.
Western Digital,WD Red Plus HDD,3000,HDD,SATA 6 Gbps,3.5-inch,5400,160,150,,,,,8,100,84,72,61,SCRAPBLADE,20,45,95,88,92,https://support-en.wd.com/,family,HDD family-level entry; exact throughput varies by platter generation/capacity.
Western Digital,WD Red Plus HDD,4000,HDD,SATA 6 Gbps,3.5-inch,5400,160,150,,,,,8,100,84,72,61,SCRAPBLADE,20,45,95,88,92,https://support-en.wd.com/,family,HDD family-level entry; exact throughput varies by platter generation/capacity.
Western Digital,WD Red Plus HDD,6000,HDD,SATA 6 Gbps,3.5-inch,5400,160,150,,,,,8,100,84,72,61,SCRAPBLADE,20,45,95,88,92,https://support-en.wd.com/,family,HDD family-level entry; exact throughput varies by platter generation/capacity.
Western Digital,WD Red Plus HDD,8000,HDD,SATA 6 Gbps,3.5-inch,5400,160,150,,,,,8,100,84,72,61,SCRAPBLADE,20,45,95,88,92,https://support-en.wd.com/,family,HDD family-level entry; exact throughput varies by platter generation/capacity.
Western Digital,WD Red Plus HDD,10000,HDD,SATA 6 Gbps,3.5-inch,5400,160,150,,,,,8,100,84,72,61,SCRAPBLADE,20,45,95,88,92,https://support-en.wd.com/,family,HDD family-level entry; exact throughput varies by platter generation/capacity.
Western Digital,WD Red Plus HDD,12000,HDD,SATA 6 Gbps,3.5-inch,5400,160,150,,,,,8,100,84,72,61,SCRAPBLADE,20,45,95,88,92,https://support-en.wd.com/,family,HDD family-level entry; exact throughput varies by platter generation/capacity.
Western Digital,WD Red Plus HDD,14000,HDD,SATA 6 Gbps,3.5-inch,5400,160,150,,,,,8,100,84,72,61,SCRAPBLADE,20,45,95,88,92,https://support-en.wd.com/,family,HDD family-level entry; exact throughput varies by platter generation/capacity.
Western Digital,WD Red Pro HDD,2000,HDD,SATA 6 Gbps,3.5-inch,7200,210,200,,,,,13,100,90,72,64,SCRAPBLADE,20,45,95,88,92,https://support-en.wd.com/,family,HDD family-level entry; exact throughput varies by platter generation/capacity.
Western Digital,WD Red Pro HDD,4000,HDD,SATA 6 Gbps,3.5-inch,7200,210,200,,,,,13,100,90,72,64,SCRAPBLADE,20,45,95,88,92,https://support-en.wd.com/,family,HDD family-level entry; exact throughput varies by platter generation/capacity.
Western Digital,WD Red Pro HDD,6000,HDD,SATA 6 Gbps,3.5-inch,7200,210,200,,,,,13,100,90,72,64,SCRAPBLADE,20,45,95,88,92,https://support-en.wd.com/,family,HDD family-level entry; exact throughput varies by platter generation/capacity.
Western Digital,WD Red Pro HDD,8000,HDD,SATA 6 Gbps,3.5-inch,7200,210,200,,,,,13,100,90,72,64,SCRAPBLADE,20,45,95,88,92,https://support-en.wd.com/,family,HDD family-level entry; exact throughput varies by platter generation/capacity.
Western Digital,WD Red Pro HDD,10000,HDD,SATA 6 Gbps,3.5-inch,7200,210,200,,,,,13,100,90,72,64,SCRAPBLADE,20,45,95,88,92,https://support-en.wd.com/,family,HDD family-level entry; exact throughput varies by platter generation/capacity.
Western Digital,WD Red Pro HDD,12000,HDD,SATA 6 Gbps,3.5-inch,7200,210,200,,,,,13,100,90,72,64,SCRAPBLADE,20,45,95,88,92,https://support-en.wd.com/,family,HDD family-level entry; exact throughput varies by platter generation/capacity.
Western Digital,WD Red Pro HDD,14000,HDD,SATA 6 Gbps,3.5-inch,7200,210,200,,,,,13,100,90,72,64,SCRAPBLADE,20,45,95,88,92,https://support-en.wd.com/,family,HDD family-level entry; exact throughput varies by platter generation/capacity.
Western Digital,WD Red Pro HDD,16000,HDD,SATA 6 Gbps,3.5-inch,7200,210,200,,,,,13,100,90,72,64,SCRAPBLADE,20,45,95,88,92,https://support-en.wd.com/,family,HDD family-level entry; exact throughput varies by platter generation/capacity.
Western Digital,WD Red Pro HDD,18000,HDD,SATA 6 Gbps,3.5-inch,7200,210,200,,,,,13,100,90,72,64,SCRAPBLADE,20,45,95,88,92,https://support-en.wd.com/,family,HDD family-level entry; exact throughput varies by platter generation/capacity.
Western Digital,WD Red Pro HDD,22000,HDD,SATA 6 Gbps,3.5-inch,7200,210,200,,,,,13,100,90,72,64,SCRAPBLADE,20,45,95,88,92,https://support-en.wd.com/,family,HDD family-level entry; exact throughput varies by platter generation/capacity.
ADATA,ADATA LEGEND 700,256,NVMe SSD,PCIe 3.0 x4,M.2 2280,https://www.adata.com/en/support/,2000,1600,TLC,False,True,102.4,59,35,70,75,56,REVENANT,62,36,42,60,55,family,family,
ADATA,ADATA LEGEND 700,512,NVMe SSD,PCIe 3.0 x4,M.2 2280,https://www.adata.com/en/support/,2000,1600,TLC,False,True,204.8,59,65,70,75,65,REVENANT,62,61,66,68,65,family,family,
ADATA,ADATA LEGEND 700,1000,NVMe SSD,PCIe 3.0 x4,M.2 2280,https://www.adata.com/en/support/,2000,1600,TLC,False,True,400.0,59,85,70,75,71,GHOUL,62,68,82,74,71,family,family,
ADATA,ADATA LEGEND 700,2000,NVMe SSD,PCIe 3.0 x4,M.2 2280,https://www.adata.com/en/support/,2000,1600,TLC,False,True,800.0,59,100,70,75,76,GHOUL,62,73,94,79,76,family,family,
ADATA,ADATA LEGEND 710,256,NVMe SSD,PCIe 3.0 x4,M.2 2280,https://www.adata.com/en/support/,2400,1800,TLC,False,True,102.4,59,35,72,75,57,REVENANT,62,36,42,61,55,family,family,
ADATA,ADATA LEGEND 710,512,NVMe SSD,PCIe 3.0 x4,M.2 2280,https://www.adata.com/en/support/,2400,1800,TLC,False,True,204.8,59,65,72,75,66,REVENANT,62,61,66,70,65,family,family,
ADATA,ADATA LEGEND 710,1000,NVMe SSD,PCIe 3.0 x4,M.2 2280,https://www.adata.com/en/support/,2400,1800,TLC,False,True,400.0,59,85,72,75,72,GHOUL,62,68,82,76,72,family,family,
ADATA,ADATA LEGEND 710,2000,NVMe SSD,PCIe 3.0 x4,M.2 2280,https://www.adata.com/en/support/,2400,1800,TLC,False,True,800.0,59,100,72,75,76,GHOUL,62,73,94,80,77,family,family,
ADATA,ADATA LEGEND 750,500,NVMe SSD,PCIe 3.0 x4,M.2 2280,https://www.adata.com/en/support/,3500,3000,TLC,True,False,300.0,77,65,88,88,77,GHOUL,80,73,70,81,77,family,family,
ADATA,ADATA LEGEND 750,1000,NVMe SSD,PCIe 3.0 x4,M.2 2280,https://www.adata.com/en/support/,3500,3000,TLC,True,False,600.0,77,85,88,88,83,GHOUL,80,80,86,87,83,family,family,
ADATA,ADATA LEGEND 800,500,NVMe SSD,PCIe 4.0 x4,M.2 2280,https://www.adata.com/en/support/,3500,2800,TLC,False,True,200.0,73,65,74,75,71,GHOUL,73,70,67,71,71,family,family,
ADATA,ADATA LEGEND 800,1000,NVMe SSD,PCIe 4.0 x4,M.2 2280,https://www.adata.com/en/support/,3500,2800,TLC,False,True,400.0,73,85,74,75,77,GHOUL,73,77,83,77,77,family,family,
ADATA,ADATA LEGEND 800,2000,NVMe SSD,PCIe 4.0 x4,M.2 2280,https://www.adata.com/en/support/,3500,2800,TLC,False,True,800.0,73,100,74,75,82,GHOUL,73,82,95,82,82,family,family,
ADATA,ADATA LEGEND 840,512,NVMe SSD,PCIe 4.0 x4,M.2 2280,https://www.adata.com/en/support/,5000,4500,TLC,False,True,307.2,79,65,82,88,76,GHOUL,80,74,68,77,75,family,family,
ADATA,ADATA LEGEND 840,1000,NVMe SSD,PCIe 4.0 x4,M.2 2280,https://www.adata.com/en/support/,5000,4500,TLC,False,True,600.0,79,85,82,88,82,GHOUL,80,81,84,83,82,family,family,
ADATA,ADATA LEGEND 850,512,NVMe SSD,PCIe 4.0 x4,M.2 2280,https://www.adata.com/en/support/,5000,4500,TLC,False,True,307.2,79,65,84,88,77,GHOUL,80,74,69,78,76,family,family,
ADATA,ADATA LEGEND 850,1000,NVMe SSD,PCIe 4.0 x4,M.2 2280,https://www.adata.com/en/support/,5000,4500,TLC,False,True,600.0,79,85,84,88,83,GHOUL,80,81,85,84,83,family,family,
ADATA,ADATA LEGEND 850,2000,NVMe SSD,PCIe 4.0 x4,M.2 2280,https://www.adata.com/en/support/,5000,4500,TLC,False,True,1200.0,79,100,84,88,87,ALGHOUL,80,86,97,89,88,family,family,
ADATA,ADATA LEGEND 850 Lite,500,NVMe SSD,PCIe 4.0 x4,M.2 2280,https://www.adata.com/en/support/,5000,4200,TLC/QLC,False,True,200.0,79,65,78,75,74,GHOUL,79,74,68,74,74,family,family,
ADATA,ADATA LEGEND 850 Lite,1000,NVMe SSD,PCIe 4.0 x4,M.2 2280,https://www.adata.com/en/support/,5000,4200,TLC/QLC,False,True,400.0,79,85,78,75,80,GHOUL,79,81,84,80,81,family,family,
ADATA,ADATA LEGEND 850 Lite,2000,NVMe SSD,PCIe 4.0 x4,M.2 2280,https://www.adata.com/en/support/,5000,4200,TLC/QLC,False,True,800.0,79,100,78,75,85,ALGHOUL,79,86,96,85,86,family,family,
ADATA,ADATA LEGEND 860,500,NVMe SSD,PCIe 4.0 x4,M.2 2280,https://www.adata.com/en/support/,6000,5000,TLC,False,True,300.0,79,65,86,88,77,GHOUL,81,74,69,80,77,family,family,
ADATA,ADATA LEGEND 860,1000,NVMe SSD,PCIe 4.0 x4,M.2 2280,https://www.adata.com/en/support/,6000,5000,TLC,False,True,600.0,79,85,86,88,83,GHOUL,81,81,85,86,83,family,family,
ADATA,ADATA LEGEND 860,2000,NVMe SSD,PCIe 4.0 x4,M.2 2280,https://www.adata.com/en/support/,6000,5000,TLC,False,True,1200.0,79,100,86,88,88,ALGHOUL,81,86,97,90,88,family,family,
ADATA,ADATA LEGEND 900,512,NVMe SSD,PCIe 4.0 x4,M.2 2280,https://www.adata.com/en/support/,7000,5400,TLC,False,True,307.2,87,65,88,88,81,GHOUL,87,79,70,81,80,family,family,
ADATA,ADATA LEGEND 900,1000,NVMe SSD,PCIe 4.0 x4,M.2 2280,https://www.adata.com/en/support/,7000,5400,TLC,False,True,600.0,87,85,88,88,87,ALGHOUL,87,86,86,87,87,family,family,
ADATA,ADATA LEGEND 900,2000,NVMe SSD,PCIe 4.0 x4,M.2 2280,https://www.adata.com/en/support/,7000,5400,TLC,False,True,1200.0,87,100,88,88,91,ALGHOUL,87,92,98,92,92,family,family,
ADATA,ADATA LEGEND 960,1000,NVMe SSD,PCIe 4.0 x4,M.2 2280,https://www.adata.com/en/support/,7400,6800,TLC,True,False,700.0,94,85,97,88,91,ALGHOUL,95,91,87,93,92,family,family,
ADATA,ADATA LEGEND 960,2000,NVMe SSD,PCIe 4.0 x4,M.2 2280,https://www.adata.com/en/support/,7400,6800,TLC,True,False,1400.0,94,100,97,88,96,ALGHOUL,95,96,99,98,97,family,family,
ADATA,ADATA LEGEND 960,4000,NVMe SSD,PCIe 4.0 x4,M.2 2280,https://www.adata.com/en/support/,7400,6800,TLC,True,False,2800.0,94,100,97,88,96,ALGHOUL,95,96,99,98,97,family,family,
ADATA,ADATA LEGEND 960 MAX,1000,NVMe SSD,PCIe 4.0 x4,M.2 2280,https://www.adata.com/en/support/,7400,6800,TLC,True,False,700.0,94,85,98,88,92,ALGHOUL,95,91,88,94,92,family,family,
ADATA,ADATA LEGEND 960 MAX,2000,NVMe SSD,PCIe 4.0 x4,M.2 2280,https://www.adata.com/en/support/,7400,6800,TLC,True,False,1400.0,94,100,98,88,96,ALGHOUL,95,96,100,99,97,family,family,
ADATA,ADATA LEGEND 960 MAX,4000,NVMe SSD,PCIe 4.0 x4,M.2 2280,https://www.adata.com/en/support/,7400,6800,TLC,True,False,2800.0,94,100,98,88,96,ALGHOUL,95,96,100,99,97,family,family,
ADATA,ADATA LEGEND 970,1000,NVMe SSD,PCIe 5.0 x4,M.2 2280,https://www.adata.com/en/support/,10000,10000,TLC,True,False,700.0,96,85,98,88,92,ALGHOUL,96,92,88,94,93,family,family,
ADATA,ADATA LEGEND 970,2000,NVMe SSD,PCIe 5.0 x4,M.2 2280,https://www.adata.com/en/support/,10000,10000,TLC,True,False,1400.0,96,100,98,88,97,ALGHOUL,96,97,100,99,98,family,family,
ADATA,ADATA LEGEND 970 PRO,1000,NVMe SSD,PCIe 5.0 x4,M.2 2280,https://www.adata.com/en/support/,14000,11000,TLC,True,False,700.0,100,85,100,88,94,ALGHOUL,100,95,88,96,95,family,family,
ADATA,ADATA LEGEND 970 PRO,2000,NVMe SSD,PCIe 5.0 x4,M.2 2280,https://www.adata.com/en/support/,14000,11000,TLC,True,False,1400.0,100,100,100,88,99,ALGHOUL,100,100,100,100,100,family,family,
ADATA,ADATA LEGEND 970 PRO,4000,NVMe SSD,PCIe 5.0 x4,M.2 2280,https://www.adata.com/en/support/,14000,11000,TLC,True,False,2800.0,100,100,100,88,99,ALGHOUL,100,100,100,100,100,family,family,
ADATA,XPG GAMMIX S11,240,NVMe SSD,PCIe 3.0 x4,M.2 2280,https://www.adata.com/en/support/,3200,1700,TLC,True,False,144.0,73,35,88,88,67,REVENANT,77,45,46,72,65,family,family,
ADATA,XPG GAMMIX S11,480,NVMe SSD,PCIe 3.0 x4,M.2 2280,https://www.adata.com/en/support/,3200,1700,TLC,True,False,288.0,73,65,88,88,76,GHOUL,77,70,70,81,75,family,family,
ADATA,XPG GAMMIX S11,960,NVMe SSD,PCIe 3.0 x4,M.2 2280,https://www.adata.com/en/support/,3200,1700,TLC,True,False,576.0,73,85,88,88,82,GHOUL,77,77,86,87,82,family,family,
ADATA,XPG GAMMIX S11 Pro,256,NVMe SSD,PCIe 3.0 x4,M.2 2280,https://www.adata.com/en/support/,3500,3000,TLC,True,False,163.8,77,35,93,88,70,GHOUL,81,47,47,76,68,family,family,
ADATA,XPG GAMMIX S11 Pro,512,NVMe SSD,PCIe 3.0 x4,M.2 2280,https://www.adata.com/en/support/,3500,3000,TLC,True,False,327.7,77,65,93,88,78,GHOUL,81,73,71,85,78,family,family,
ADATA,XPG GAMMIX S11 Pro,1000,NVMe SSD,PCIe 3.0 x4,M.2 2280,https://www.adata.com/en/support/,3500,3000,TLC,True,False,640.0,77,85,93,88,84,GHOUL,81,80,87,91,85,family,family,
ADATA,XPG GAMMIX S11 Pro,2000,NVMe SSD,PCIe 3.0 x4,M.2 2280,https://www.adata.com/en/support/,3500,3000,TLC,True,False,1280.0,77,100,93,88,89,ALGHOUL,81,85,99,95,90,family,family,
ADATA,XPG GAMMIX S20G,500,NVMe SSD,PCIe 3.0 x4,M.2 2280,https://www.adata.com/en/support/,2500,1800,TLC,False,True,200.0,65,65,72,75,68,REVENANT,67,65,66,70,67,family,family,
ADATA,XPG GAMMIX S20G,1000,NVMe SSD,PCIe 3.0 x4,M.2 2280,https://www.adata.com/en/support/,2500,1800,TLC,False,True,400.0,65,85,72,75,74,GHOUL,67,72,82,76,74,family,family,
ADATA,XPG GAMMIX S5,256,NVMe SSD,PCIe 3.0 x4,M.2 2280,https://www.adata.com/en/support/,2100,1500,TLC,False,True,102.4,59,35,72,75,57,REVENANT,62,36,42,61,55,family,family,
ADATA,XPG GAMMIX S5,512,NVMe SSD,PCIe 3.0 x4,M.2 2280,https://www.adata.com/en/support/,2100,1500,TLC,False,True,204.8,59,65,72,75,66,REVENANT,62,61,66,70,65,family,family,
ADATA,XPG GAMMIX S5,1000,NVMe SSD,PCIe 3.0 x4,M.2 2280,https://www.adata.com/en/support/,2100,1500,TLC,False,True,400.0,59,85,72,75,72,GHOUL,62,68,82,76,72,family,family,
ADATA,XPG GAMMIX S50 Lite,1000,NVMe SSD,PCIe 4.0 x4,M.2 2280,https://www.adata.com/en/support/,3900,3200,TLC,True,False,740.0,74,85,86,88,82,GHOUL,77,78,85,86,82,family,family,
ADATA,XPG GAMMIX S50 Lite,2000,NVMe SSD,PCIe 4.0 x4,M.2 2280,https://www.adata.com/en/support/,3900,3200,TLC,True,False,1480.0,74,100,86,88,86,ALGHOUL,77,83,97,90,87,family,family,
ADATA,XPG GAMMIX S60,500,NVMe SSD,PCIe 4.0 x4,M.2 2280,https://www.adata.com/en/support/,5000,4200,TLC,False,True,300.0,79,65,82,88,76,GHOUL,80,74,68,77,75,family,family,
ADATA,XPG GAMMIX S60,1000,NVMe SSD,PCIe 4.0 x4,M.2 2280,https://www.adata.com/en/support/,5000,4200,TLC,False,True,600.0,79,85,82,88,82,GHOUL,80,81,84,83,82,family,family,
ADATA,XPG GAMMIX S60,2000,NVMe SSD,PCIe 4.0 x4,M.2 2280,https://www.adata.com/en/support/,5000,4200,TLC,False,True,1200.0,79,100,82,88,87,ALGHOUL,80,86,96,87,87,family,family,
ADATA,XPG GAMMIX S7,512,NVMe SSD,PCIe 3.0 x4,M.2 2280,https://www.adata.com/en/support/,3500,3000,TLC,True,False,307.2,77,65,90,88,78,GHOUL,80,73,70,82,77,family,family,
ADATA,XPG GAMMIX S7,1000,NVMe SSD,PCIe 3.0 x4,M.2 2280,https://www.adata.com/en/support/,3500,3000,TLC,True,False,600.0,77,85,90,88,84,GHOUL,80,80,86,88,84,family,family,
ADATA,XPG GAMMIX S7,2000,NVMe SSD,PCIe 3.0 x4,M.2 2280,https://www.adata.com/en/support/,3500,3000,TLC,True,False,1200.0,77,100,90,88,88,ALGHOUL,80,85,98,93,89,family,family,
ADATA,XPG GAMMIX S70,1000,NVMe SSD,PCIe 4.0 x4,M.2 2280,https://www.adata.com/en/support/,7400,6400,TLC,True,False,740.0,94,85,97,88,91,ALGHOUL,95,91,87,93,92,family,family,
ADATA,XPG GAMMIX S70,2000,NVMe SSD,PCIe 4.0 x4,M.2 2280,https://www.adata.com/en/support/,7400,6400,TLC,True,False,1480.0,94,100,97,88,96,ALGHOUL,95,96,99,98,97,family,family,
ADATA,XPG GAMMIX S70 Blade,512,NVMe SSD,PCIe 4.0 x4,M.2 2280,https://www.adata.com/en/support/,7400,6800,TLC,True,False,378.9,94,65,98,88,86,ALGHOUL,95,84,72,88,86,family,family,
ADATA,XPG GAMMIX S70 Blade,1000,NVMe SSD,PCIe 4.0 x4,M.2 2280,https://www.adata.com/en/support/,7400,6800,TLC,True,False,740.0,94,85,98,88,92,ALGHOUL,95,91,88,94,92,family,family,
ADATA,XPG GAMMIX S70 Blade,2000,NVMe SSD,PCIe 4.0 x4,M.2 2280,https://www.adata.com/en/support/,7400,6800,TLC,True,False,1480.0,94,100,98,88,96,ALGHOUL,95,96,100,99,97,family,family,
ADATA,XPG GAMMIX S70 Blade,4000,NVMe SSD,PCIe 4.0 x4,M.2 2280,https://www.adata.com/en/support/,7400,6800,TLC,True,False,2960.0,94,100,98,88,96,ALGHOUL,95,96,100,99,97,family,family,
ADATA,XPG SX6000,128,NVMe SSD,PCIe 3.0 x2,M.2 2280,https://www.adata.com/en/support/,1000,800,TLC,False,True,38.4,59,15,62,60,47,SCRAPWRAITH,35,29,24,48,45,family,family,
ADATA,XPG SX6000,256,NVMe SSD,PCIe 3.0 x2,M.2 2280,https://www.adata.com/en/support/,1000,800,TLC,False,True,76.8,59,35,62,60,53,SCRAPWRAITH,60,36,40,54,52,family,family,
ADATA,XPG SX6000,512,NVMe SSD,PCIe 3.0 x2,M.2 2280,https://www.adata.com/en/support/,1000,800,TLC,False,True,153.6,59,65,62,60,62,REVENANT,60,61,64,63,62,family,family,
ADATA,XPG SX6000,1000,NVMe SSD,PCIe 3.0 x2,M.2 2280,https://www.adata.com/en/support/,1000,800,TLC,False,True,300.0,59,85,62,60,68,REVENANT,60,68,80,69,69,family,family,
ADATA,XPG SX6000 Lite,128,NVMe SSD,PCIe 3.0 x4,M.2 2280,https://www.adata.com/en/support/,1800,1200,TLC,False,True,38.4,59,15,64,60,47,SCRAPWRAITH,35,29,25,49,46,family,family,
ADATA,XPG SX6000 Lite,256,NVMe SSD,PCIe 3.0 x4,M.2 2280,https://www.adata.com/en/support/,1800,1200,TLC,False,True,76.8,59,35,64,60,53,SCRAPWRAITH,60,36,41,55,53,family,family,
ADATA,XPG SX6000 Lite,512,NVMe SSD,PCIe 3.0 x4,M.2 2280,https://www.adata.com/en/support/,1800,1200,TLC,False,True,153.6,59,65,64,60,62,REVENANT,60,61,65,64,63,family,family,
ADATA,XPG SX6000 Lite,1000,NVMe SSD,PCIe 3.0 x4,M.2 2280,https://www.adata.com/en/support/,1800,1200,TLC,False,True,300.0,59,85,64,60,68,REVENANT,60,68,81,70,69,family,family,
ADATA,XPG SX6000 Pro,256,NVMe SSD,PCIe 3.0 x4,M.2 2280,https://www.adata.com/en/support/,2100,1500,TLC,False,True,102.4,59,35,70,75,56,REVENANT,62,36,42,60,55,family,family,
ADATA,XPG SX6000 Pro,512,NVMe SSD,PCIe 3.0 x4,M.2 2280,https://www.adata.com/en/support/,2100,1500,TLC,False,True,204.8,59,65,70,75,65,REVENANT,62,61,66,68,65,family,family,
ADATA,XPG SX6000 Pro,1000,NVMe SSD,PCIe 3.0 x4,M.2 2280,https://www.adata.com/en/support/,2100,1500,TLC,False,True,400.0,59,85,70,75,71,GHOUL,62,68,82,74,71,family,family,
ADATA,XPG SX6000 Pro,2000,NVMe SSD,PCIe 3.0 x4,M.2 2280,https://www.adata.com/en/support/,2100,1500,TLC,False,True,800.0,59,100,70,75,76,GHOUL,62,73,94,79,76,family,family,
ADATA,XPG SX7000,128,NVMe SSD,PCIe 3.0 x4,M.2 2280,https://www.adata.com/en/support/,1800,850,MLC,False,True,64.0,59,15,74,75,51,SCRAPWRAITH,38,29,27,56,49,family,family,
ADATA,XPG SX7000,256,NVMe SSD,PCIe 3.0 x4,M.2 2280,https://www.adata.com/en/support/,1800,850,MLC,False,True,128.0,59,35,74,75,57,REVENANT,63,36,43,62,56,family,family,
ADATA,XPG SX7000,512,NVMe SSD,PCIe 3.0 x4,M.2 2280,https://www.adata.com/en/support/,1800,850,MLC,False,True,256.0,59,65,74,75,66,REVENANT,63,61,67,71,66,family,family,
ADATA,XPG SX7000,1000,NVMe SSD,PCIe 3.0 x4,M.2 2280,https://www.adata.com/en/support/,1800,850,MLC,False,True,500.0,59,85,74,75,72,GHOUL,63,68,83,77,73,family,family,
ADATA,XPG SX8000,128,NVMe SSD,PCIe 3.0 x4,M.2 2280,https://www.adata.com/en/support/,2500,1100,MLC,True,False,76.8,66,15,84,88,57,REVENANT,45,33,29,63,55,family,family,
ADATA,XPG SX8000,256,NVMe SSD,PCIe 3.0 x4,M.2 2280,https://www.adata.com/en/support/,2500,1100,MLC,True,False,153.6,66,35,84,88,63,REVENANT,70,40,45,69,62,family,family,
ADATA,XPG SX8000,512,NVMe SSD,PCIe 3.0 x4,M.2 2280,https://www.adata.com/en/support/,2500,1100,MLC,True,False,307.2,66,65,84,88,72,GHOUL,70,66,69,78,72,family,family,
ADATA,XPG SX8000,1000,NVMe SSD,PCIe 3.0 x4,M.2 2280,https://www.adata.com/en/support/,2500,1100,MLC,True,False,600.0,66,85,84,88,78,GHOUL,70,73,85,84,78,family,family,
ADATA,XPG SX8200,240,NVMe SSD,PCIe 3.0 x4,M.2 2280,https://www.adata.com/en/support/,3200,1700,TLC,True,False,144.0,73,35,88,88,67,REVENANT,77,45,46,72,65,family,family,
ADATA,XPG SX8200,480,NVMe SSD,PCIe 3.0 x4,M.2 2280,https://www.adata.com/en/support/,3200,1700,TLC,True,False,288.0,73,65,88,88,76,GHOUL,77,70,70,81,75,family,family,
ADATA,XPG SX8200,960,NVMe SSD,PCIe 3.0 x4,M.2 2280,https://www.adata.com/en/support/,3200,1700,TLC,True,False,576.0,73,85,88,88,82,GHOUL,77,77,86,87,82,family,family,
ADATA,XPG SX8200 Pro,256,NVMe SSD,PCIe 3.0 x4,M.2 2280,https://www.adata.com/en/support/,3500,3000,TLC,True,False,163.8,77,35,93,88,70,GHOUL,81,47,47,76,68,family,family,
ADATA,XPG SX8200 Pro,512,NVMe SSD,PCIe 3.0 x4,M.2 2280,https://www.adata.com/en/support/,3500,3000,TLC,True,False,327.7,77,65,93,88,78,GHOUL,81,73,71,85,78,family,family,
ADATA,XPG SX8200 Pro,1000,NVMe SSD,PCIe 3.0 x4,M.2 2280,https://www.adata.com/en/support/,3500,3000,TLC,True,False,640.0,77,85,93,88,84,GHOUL,81,80,87,91,85,family,family,
ADATA,XPG SX8200 Pro,2000,NVMe SSD,PCIe 3.0 x4,M.2 2280,https://www.adata.com/en/support/,3500,3000,TLC,True,False,1280.0,77,100,93,88,89,ALGHOUL,81,85,99,95,90,family,family,
ADATA,XPG SX8800 Pro,256,NVMe SSD,PCIe 3.0 x4,M.2 2280,https://www.adata.com/en/support/,3500,3000,TLC,True,False,163.8,77,35,92,88,69,REVENANT,81,47,46,75,68,family,family,
ADATA,XPG SX8800 Pro,512,NVMe SSD,PCIe 3.0 x4,M.2 2280,https://www.adata.com/en/support/,3500,3000,TLC,True,False,327.7,77,65,92,88,78,GHOUL,81,73,70,84,78,family,family,
ADATA,XPG SX8800 Pro,1000,NVMe SSD,PCIe 3.0 x4,M.2 2280,https://www.adata.com/en/support/,3500,3000,TLC,True,False,640.0,77,85,92,88,84,GHOUL,81,80,86,90,85,family,family,
Corsair,Force MP300,120,NVMe SSD,PCIe 3.0 x2,M.2 2280,https://www.corsair.com/us/en/c/data-storage,1600,1080,TLC,False,True,48.0,59,15,68,75,50,SCRAPWRAITH,36,29,26,52,47,family,family,
Corsair,Force MP300,240,NVMe SSD,PCIe 3.0 x2,M.2 2280,https://www.corsair.com/us/en/c/data-storage,1600,1080,TLC,False,True,96.0,59,35,68,75,56,REVENANT,61,36,42,58,54,family,family,
Corsair,Force MP300,480,NVMe SSD,PCIe 3.0 x2,M.2 2280,https://www.corsair.com/us/en/c/data-storage,1600,1080,TLC,False,True,192.0,59,65,68,75,65,REVENANT,61,61,66,67,64,family,family,
Corsair,Force MP300,960,NVMe SSD,PCIe 3.0 x2,M.2 2280,https://www.corsair.com/us/en/c/data-storage,1600,1080,TLC,False,True,384.0,59,85,68,75,71,GHOUL,61,68,82,73,71,family,family,
Corsair,Force MP500,120,NVMe SSD,PCIe 3.0 x4,M.2 2280,https://www.corsair.com/us/en/c/data-storage,3000,2400,MLC,True,False,96.0,66,15,88,88,58,REVENANT,47,33,30,66,56,family,family,
Corsair,Force MP500,240,NVMe SSD,PCIe 3.0 x4,M.2 2280,https://www.corsair.com/us/en/c/data-storage,3000,2400,MLC,True,False,192.0,66,35,88,88,64,REVENANT,72,40,46,72,63,family,family,
Corsair,Force MP500,480,NVMe SSD,PCIe 3.0 x4,M.2 2280,https://www.corsair.com/us/en/c/data-storage,3000,2400,MLC,True,False,384.0,66,65,88,88,73,GHOUL,72,66,70,81,73,family,family,
Corsair,Force MP510,240,NVMe SSD,PCIe 3.0 x4,M.2 2280,https://www.corsair.com/us/en/c/data-storage,3480,3000,TLC,True,False,216.0,73,35,93,88,68,REVENANT,78,45,47,76,67,family,family,
Corsair,Force MP510,480,NVMe SSD,PCIe 3.0 x4,M.2 2280,https://www.corsair.com/us/en/c/data-storage,3480,3000,TLC,True,False,432.0,73,65,93,88,77,GHOUL,78,70,71,85,77,family,family,
Corsair,Force MP510,960,NVMe SSD,PCIe 3.0 x4,M.2 2280,https://www.corsair.com/us/en/c/data-storage,3480,3000,TLC,True,False,864.0,73,85,93,88,83,GHOUL,78,77,87,91,84,family,family,
Corsair,Force MP510,1920,NVMe SSD,PCIe 3.0 x4,M.2 2280,https://www.corsair.com/us/en/c/data-storage,3480,3000,TLC,True,False,1728.0,73,100,93,88,88,ALGHOUL,78,82,99,95,89,family,family,
Corsair,Force MP510,3840,NVMe SSD,PCIe 3.0 x4,M.2 2280,https://www.corsair.com/us/en/c/data-storage,3480,3000,TLC,True,False,3456.0,73,100,93,88,88,ALGHOUL,78,82,99,95,89,family,family,
Corsair,MP600,500,NVMe SSD,PCIe 4.0 x4,M.2 2280,https://www.corsair.com/us/en/c/data-storage,4950,4250,TLC,True,False,900.0,74,65,94,100,79,GHOUL,79,71,71,85,78,family,family,
Corsair,MP600,1000,NVMe SSD,PCIe 4.0 x4,M.2 2280,https://www.corsair.com/us/en/c/data-storage,4950,4250,TLC,True,False,1800.0,74,85,94,100,85,ALGHOUL,79,78,87,91,84,family,family,
Corsair,MP600,2000,NVMe SSD,PCIe 4.0 x4,M.2 2280,https://www.corsair.com/us/en/c/data-storage,4950,4250,TLC,True,False,3600.0,74,100,94,100,89,ALGHOUL,79,83,99,96,89,family,family,
Corsair,MP600 CORE,1000,NVMe SSD,PCIe 4.0 x4,M.2 2280,https://www.corsair.com/us/en/c/data-storage,4950,3950,QLC,False,True,225.0,73,85,70,60,75,GHOUL,72,77,82,74,76,family,family,
Corsair,MP600 CORE,2000,NVMe SSD,PCIe 4.0 x4,M.2 2280,https://www.corsair.com/us/en/c/data-storage,4950,3950,QLC,False,True,450.0,73,100,70,60,79,GHOUL,72,82,94,79,81,family,family,
Corsair,MP600 CORE,4000,NVMe SSD,PCIe 4.0 x4,M.2 2280,https://www.corsair.com/us/en/c/data-storage,4950,3950,QLC,False,True,900.0,73,100,70,60,79,GHOUL,72,82,94,79,81,family,family,
Corsair,MP600 CORE XT,1000,NVMe SSD,PCIe 4.0 x4,M.2 2280,https://www.corsair.com/us/en/c/data-storage,5000,4400,QLC,False,True,250.0,79,85,72,60,77,GHOUL,77,81,82,76,79,family,family,
Corsair,MP600 CORE XT,2000,NVMe SSD,PCIe 4.0 x4,M.2 2280,https://www.corsair.com/us/en/c/data-storage,5000,4400,QLC,False,True,500.0,79,100,72,60,82,GHOUL,77,86,94,80,84,family,family,
Corsair,MP600 CORE XT,4000,NVMe SSD,PCIe 4.0 x4,M.2 2280,https://www.corsair.com/us/en/c/data-storage,5000,4400,QLC,False,True,1000.0,79,100,72,60,82,GHOUL,77,86,94,80,84,family,family,
Corsair,MP600 Elite,1000,NVMe SSD,PCIe 4.0 x4,M.2 2280,https://www.corsair.com/us/en/c/data-storage,7000,6500,TLC,False,True,600.0,87,85,91,88,88,ALGHOUL,88,86,86,89,88,family,family,
Corsair,MP600 Elite,2000,NVMe SSD,PCIe 4.0 x4,M.2 2280,https://www.corsair.com/us/en/c/data-storage,7000,6500,TLC,False,True,1200.0,87,100,91,88,92,ALGHOUL,88,92,98,94,93,family,family,
Corsair,MP600 Elite,4000,NVMe SSD,PCIe 4.0 x4,M.2 2280,https://www.corsair.com/us/en/c/data-storage,7000,6500,TLC,False,True,2400.0,87,100,91,88,92,ALGHOUL,88,92,98,94,93,family,family,
Corsair,MP600 GS,500,NVMe SSD,PCIe 4.0 x4,M.2 2280,https://www.corsair.com/us/en/c/data-storage,4800,4500,TLC,False,True,300.0,73,65,82,88,74,GHOUL,75,70,68,77,73,family,family,
Corsair,MP600 GS,1000,NVMe SSD,PCIe 4.0 x4,M.2 2280,https://www.corsair.com/us/en/c/data-storage,4800,4500,TLC,False,True,600.0,73,85,82,88,80,GHOUL,75,77,84,83,80,family,family,
Corsair,MP600 GS,2000,NVMe SSD,PCIe 4.0 x4,M.2 2280,https://www.corsair.com/us/en/c/data-storage,4800,4500,TLC,False,True,1200.0,73,100,82,88,85,ALGHOUL,75,82,96,87,85,family,family,
Corsair,MP600 PRO,1000,NVMe SSD,PCIe 4.0 x4,M.2 2280,https://www.corsair.com/us/en/c/data-storage,7000,6550,TLC,True,False,700.0,88,85,98,88,90,ALGHOUL,90,87,88,94,90,family,family,
Corsair,MP600 PRO,2000,NVMe SSD,PCIe 4.0 x4,M.2 2280,https://www.corsair.com/us/en/c/data-storage,7000,6550,TLC,True,False,1400.0,88,100,98,88,94,ALGHOUL,90,92,100,99,95,family,family,
Corsair,MP600 PRO,4000,NVMe SSD,PCIe 4.0 x4,M.2 2280,https://www.corsair.com/us/en/c/data-storage,7000,6550,TLC,True,False,2800.0,88,100,98,88,94,ALGHOUL,90,92,100,99,95,family,family,
Corsair,MP600 PRO LPX,500,NVMe SSD,PCIe 4.0 x4,M.2 2280,https://www.corsair.com/us/en/c/data-storage,7100,6800,TLC,True,False,350.0,88,65,98,88,84,GHOUL,90,80,72,88,84,family,family,
Corsair,MP600 PRO LPX,1000,NVMe SSD,PCIe 4.0 x4,M.2 2280,https://www.corsair.com/us/en/c/data-storage,7100,6800,TLC,True,False,700.0,88,85,98,88,90,ALGHOUL,90,87,88,94,90,family,family,
Corsair,MP600 PRO LPX,2000,NVMe SSD,PCIe 4.0 x4,M.2 2280,https://www.corsair.com/us/en/c/data-storage,7100,6800,TLC,True,False,1400.0,88,100,98,88,94,ALGHOUL,90,92,100,99,95,family,family,
Corsair,MP600 PRO LPX,4000,NVMe SSD,PCIe 4.0 x4,M.2 2280,https://www.corsair.com/us/en/c/data-storage,7100,6800,TLC,True,False,2800.0,88,100,98,88,94,ALGHOUL,90,92,100,99,95,family,family,
Corsair,MP600 PRO LPX,8000,NVMe SSD,PCIe 4.0 x4,M.2 2280,https://www.corsair.com/us/en/c/data-storage,7100,6800,TLC,True,False,5600.0,88,100,98,88,94,ALGHOUL,90,92,100,99,95,family,family,
Corsair,MP600 PRO XT,1000,NVMe SSD,PCIe 4.0 x4,M.2 2280,https://www.corsair.com/us/en/c/data-storage,7100,6800,TLC,True,False,700.0,88,85,99,88,90,ALGHOUL,91,87,88,95,91,family,family,
Corsair,MP600 PRO XT,2000,NVMe SSD,PCIe 4.0 x4,M.2 2280,https://www.corsair.com/us/en/c/data-storage,7100,6800,TLC,True,False,1400.0,88,100,99,88,94,ALGHOUL,91,92,100,99,96,family,family,
Corsair,MP600 PRO XT,4000,NVMe SSD,PCIe 4.0 x4,M.2 2280,https://www.corsair.com/us/en/c/data-storage,7100,6800,TLC,True,False,2800.0,88,100,99,88,94,ALGHOUL,91,92,100,99,96,family,family,
Corsair,MP700,1000,NVMe SSD,PCIe 5.0 x4,M.2 2280,https://www.corsair.com/us/en/c/data-storage,10000,9500,TLC,True,False,700.0,96,85,98,88,92,ALGHOUL,96,92,88,94,93,family,family,
Corsair,MP700,2000,NVMe SSD,PCIe 5.0 x4,M.2 2280,https://www.corsair.com/us/en/c/data-storage,10000,9500,TLC,True,False,1400.0,96,100,98,88,97,ALGHOUL,96,97,100,99,98,family,family,
Corsair,MP700 PRO,1000,NVMe SSD,PCIe 5.0 x4,M.2 2280,https://www.corsair.com/us/en/c/data-storage,12400,11800,TLC,True,False,700.0,100,85,100,88,94,ALGHOUL,100,95,88,96,95,family,family,
Corsair,MP700 PRO,2000,NVMe SSD,PCIe 5.0 x4,M.2 2280,https://www.corsair.com/us/en/c/data-storage,12400,11800,TLC,True,False,1400.0,100,100,100,88,99,ALGHOUL,100,100,100,100,100,family,family,
Corsair,MP700 PRO,4000,NVMe SSD,PCIe 5.0 x4,M.2 2280,https://www.corsair.com/us/en/c/data-storage,12400,11800,TLC,True,False,2800.0,100,100,100,88,99,ALGHOUL,100,100,100,100,100,family,family,
Crucial,P1,500,NVMe SSD,PCIe 3.0 x4,M.2 2280,https://www.crucial.com/support/ssd-support,2000,1700,QLC,True,False,100.0,60,65,68,60,64,REVENANT,62,62,66,67,64,family,family,
Crucial,P1,1000,NVMe SSD,PCIe 3.0 x4,M.2 2280,https://www.crucial.com/support/ssd-support,2000,1700,QLC,True,False,200.0,60,85,68,60,70,GHOUL,62,69,82,73,71,family,family,
Crucial,P1,2000,NVMe SSD,PCIe 3.0 x4,M.2 2280,https://www.crucial.com/support/ssd-support,2000,1700,QLC,True,False,400.0,60,100,68,60,74,GHOUL,62,74,94,78,76,family,family,
Crucial,P2,250,NVMe SSD,PCIe 3.0 x4,M.2 2280,https://www.crucial.com/support/ssd-support,2400,1900,TLC/QLC,False,True,75.0,59,35,62,60,53,SCRAPWRAITH,60,36,40,54,52,family,family,
Crucial,P2,500,NVMe SSD,PCIe 3.0 x4,M.2 2280,https://www.crucial.com/support/ssd-support,2400,1900,TLC/QLC,False,True,150.0,59,65,62,60,62,REVENANT,60,61,64,63,62,family,family,
Crucial,P2,1000,NVMe SSD,PCIe 3.0 x4,M.2 2280,https://www.crucial.com/support/ssd-support,2400,1900,TLC/QLC,False,True,300.0,59,85,62,60,68,REVENANT,60,68,80,69,69,family,family,
Crucial,P2,2000,NVMe SSD,PCIe 3.0 x4,M.2 2280,https://www.crucial.com/support/ssd-support,2400,1900,TLC/QLC,False,True,600.0,59,100,62,60,72,GHOUL,60,73,92,73,74,family,family,
Crucial,P3,500,NVMe SSD,PCIe 3.0 x4,M.2 2280,https://www.crucial.com/support/ssd-support,3500,3000,QLC,False,True,110.0,76,65,66,60,69,REVENANT,74,72,65,66,69,family,family,
Crucial,P3,1000,NVMe SSD,PCIe 3.0 x4,M.2 2280,https://www.crucial.com/support/ssd-support,3500,3000,QLC,False,True,220.0,76,85,66,60,75,GHOUL,74,79,81,72,76,family,family,
Crucial,P3,2000,NVMe SSD,PCIe 3.0 x4,M.2 2280,https://www.crucial.com/support/ssd-support,3500,3000,QLC,False,True,440.0,76,100,66,60,79,GHOUL,74,84,93,76,81,family,family,
Crucial,P3,4000,NVMe SSD,PCIe 3.0 x4,M.2 2280,https://www.crucial.com/support/ssd-support,3500,3000,QLC,False,True,880.0,76,100,66,60,79,GHOUL,74,84,93,76,81,family,family,
Crucial,P3 Plus,500,NVMe SSD,PCIe 4.0 x4,M.2 2280,https://www.crucial.com/support/ssd-support,5000,4200,QLC,False,True,110.0,79,65,70,60,71,GHOUL,77,74,66,68,71,family,family,
Crucial,P3 Plus,1000,NVMe SSD,PCIe 4.0 x4,M.2 2280,https://www.crucial.com/support/ssd-support,5000,4200,QLC,False,True,220.0,79,85,70,60,77,GHOUL,77,81,82,74,78,family,family,
Crucial,P3 Plus,2000,NVMe SSD,PCIe 4.0 x4,M.2 2280,https://www.crucial.com/support/ssd-support,5000,4200,QLC,False,True,440.0,79,100,70,60,81,GHOUL,77,86,94,79,83,family,family,
Crucial,P3 Plus,4000,NVMe SSD,PCIe 4.0 x4,M.2 2280,https://www.crucial.com/support/ssd-support,5000,4200,QLC,False,True,880.0,79,100,70,60,81,GHOUL,77,86,94,79,83,family,family,
Crucial,P310,500,NVMe SSD,PCIe 4.0 x4,M.2 2280,https://www.crucial.com/support/ssd-support,7100,6000,QLC,False,True,110.0,87,65,75,60,75,GHOUL,84,79,67,72,76,family,family,
Crucial,P310,1000,NVMe SSD,PCIe 4.0 x4,M.2 2280,https://www.crucial.com/support/ssd-support,7100,6000,QLC,False,True,220.0,87,85,75,60,81,GHOUL,84,86,83,78,82,family,family,
Crucial,P310,2000,NVMe SSD,PCIe 4.0 x4,M.2 2280,https://www.crucial.com/support/ssd-support,7100,6000,QLC,False,True,440.0,87,100,75,60,85,ALGHOUL,84,92,95,82,87,family,family,
Crucial,P310,4000,NVMe SSD,PCIe 4.0 x4,M.2 2280,https://www.crucial.com/support/ssd-support,7100,6000,QLC,False,True,880.0,87,100,75,60,85,ALGHOUL,84,92,95,82,87,family,family,
Crucial,P5,250,NVMe SSD,PCIe 3.0 x4,M.2 2280,https://www.crucial.com/support/ssd-support,3400,3000,TLC,True,False,150.0,73,35,88,88,67,REVENANT,77,45,46,72,65,family,family,
Crucial,P5,500,NVMe SSD,PCIe 3.0 x4,M.2 2280,https://www.crucial.com/support/ssd-support,3400,3000,TLC,True,False,300.0,73,65,88,88,76,GHOUL,77,70,70,81,75,family,family,
Crucial,P5,1000,NVMe SSD,PCIe 3.0 x4,M.2 2280,https://www.crucial.com/support/ssd-support,3400,3000,TLC,True,False,600.0,73,85,88,88,82,GHOUL,77,77,86,87,82,family,family,
Crucial,P5,2000,NVMe SSD,PCIe 3.0 x4,M.2 2280,https://www.crucial.com/support/ssd-support,3400,3000,TLC,True,False,1200.0,73,100,88,88,86,ALGHOUL,77,82,98,92,87,family,family,
Crucial,P5 Plus,500,NVMe SSD,PCIe 4.0 x4,M.2 2280,https://www.crucial.com/support/ssd-support,6600,5000,TLC,True,False,300.0,88,65,94,88,83,GHOUL,90,80,71,85,82,family,family,
Crucial,P5 Plus,1000,NVMe SSD,PCIe 4.0 x4,M.2 2280,https://www.crucial.com/support/ssd-support,6600,5000,TLC,True,False,600.0,88,85,94,88,89,ALGHOUL,90,87,87,91,89,family,family,
Crucial,P5 Plus,2000,NVMe SSD,PCIe 4.0 x4,M.2 2280,https://www.crucial.com/support/ssd-support,6600,5000,TLC,True,False,1200.0,88,100,94,88,93,ALGHOUL,90,92,99,96,94,family,family,
Crucial,T500,500,NVMe SSD,PCIe 4.0 x4,M.2 2280,https://www.crucial.com/support/ssd-support,7400,7000,TLC,True,False,300.0,94,65,98,88,86,ALGHOUL,95,84,72,88,86,family,family,
Crucial,T500,1000,NVMe SSD,PCIe 4.0 x4,M.2 2280,https://www.crucial.com/support/ssd-support,7400,7000,TLC,True,False,600.0,94,85,98,88,92,ALGHOUL,95,91,88,94,92,family,family,
Crucial,T500,2000,NVMe SSD,PCIe 4.0 x4,M.2 2280,https://www.crucial.com/support/ssd-support,7400,7000,TLC,True,False,1200.0,94,100,98,88,96,ALGHOUL,95,96,100,99,97,family,family,
Crucial,T500,4000,NVMe SSD,PCIe 4.0 x4,M.2 2280,https://www.crucial.com/support/ssd-support,7400,7000,TLC,True,False,2400.0,94,100,98,88,96,ALGHOUL,95,96,100,99,97,family,family,
Crucial,T700,1000,NVMe SSD,PCIe 5.0 x4,M.2 2280,https://www.crucial.com/support/ssd-support,12400,11800,TLC,True,False,600.0,100,85,99,88,94,ALGHOUL,100,95,88,95,95,family,family,
Crucial,T700,2000,NVMe SSD,PCIe 5.0 x4,M.2 2280,https://www.crucial.com/support/ssd-support,12400,11800,TLC,True,False,1200.0,100,100,99,88,99,ALGHOUL,100,100,100,99,100,family,family,
Crucial,T700,4000,NVMe SSD,PCIe 5.0 x4,M.2 2280,https://www.crucial.com/support/ssd-support,12400,11800,TLC,True,False,2400.0,100,100,99,88,99,ALGHOUL,100,100,100,99,100,family,family,
Crucial,T705,1000,NVMe SSD,PCIe 5.0 x4,M.2 2280,https://www.crucial.com/support/ssd-support,14500,12700,TLC,True,False,600.0,100,85,100,88,94,ALGHOUL,100,95,88,96,95,family,family,
Crucial,T705,2000,NVMe SSD,PCIe 5.0 x4,M.2 2280,https://www.crucial.com/support/ssd-support,14500,12700,TLC,True,False,1200.0,100,100,100,88,99,ALGHOUL,100,100,100,100,100,family,family,
Crucial,T705,4000,NVMe SSD,PCIe 5.0 x4,M.2 2280,https://www.crucial.com/support/ssd-support,14500,12700,TLC,True,False,2400.0,100,100,100,88,99,ALGHOUL,100,100,100,100,100,family,family,
Intel,Optane SSD 900P,280,NVMe SSD,PCIe 3.0 x4,M.2/U.2/AIC,https://www.intel.com/content/www/us/en/support/products/35125/memory-and-storage.html,2500,2000,3D XPoint,False,False,5600.0,64,65,100,100,77,GHOUL,73,49,72,90,76,family,family,
Intel,Optane SSD 900P,480,NVMe SSD,PCIe 3.0 x4,M.2/U.2/AIC,https://www.intel.com/content/www/us/en/support/products/35125/memory-and-storage.html,2500,2000,3D XPoint,False,False,9600.0,64,65,100,100,77,GHOUL,73,64,72,90,76,family,family,
Intel,Optane SSD 905P,380,NVMe SSD,PCIe 3.0 x4,M.2/U.2/AIC,https://www.intel.com/content/www/us/en/support/products/35125/memory-and-storage.html,2600,2200,3D XPoint,False,False,9500.0,64,65,100,100,77,GHOUL,73,49,72,90,76,family,family,
Intel,Optane SSD 905P,480,NVMe SSD,PCIe 3.0 x4,M.2/U.2/AIC,https://www.intel.com/content/www/us/en/support/products/35125/memory-and-storage.html,2600,2200,3D XPoint,False,False,12000.0,64,65,100,100,77,GHOUL,73,64,72,90,76,family,family,
Intel,Optane SSD 905P,960,NVMe SSD,PCIe 3.0 x4,M.2/U.2/AIC,https://www.intel.com/content/www/us/en/support/products/35125/memory-and-storage.html,2600,2200,3D XPoint,False,False,24000.0,64,85,100,100,83,GHOUL,73,71,88,96,83,family,family,
Intel,Optane SSD 905P,1500,NVMe SSD,PCIe 3.0 x4,M.2/U.2/AIC,https://www.intel.com/content/www/us/en/support/products/35125/memory-and-storage.html,2600,2200,3D XPoint,False,False,37500.0,64,100,100,100,87,ALGHOUL,73,77,100,100,88,family,family,
Intel,SSD 600p,128,NVMe SSD,PCIe 3.0 x4,M.2/U.2/AIC,https://www.intel.com/content/www/us/en/support/products/35125/memory-and-storage.html,1800,560,TLC,False,True,38.4,59,15,62,60,47,SCRAPWRAITH,35,29,24,48,45,family,family,
Intel,SSD 600p,256,NVMe SSD,PCIe 3.0 x4,M.2/U.2/AIC,https://www.intel.com/content/www/us/en/support/products/35125/memory-and-storage.html,1800,560,TLC,False,True,76.8,59,35,62,60,53,SCRAPWRAITH,60,36,40,54,52,family,family,
Intel,SSD 600p,512,NVMe SSD,PCIe 3.0 x4,M.2/U.2/AIC,https://www.intel.com/content/www/us/en/support/products/35125/memory-and-storage.html,1800,560,TLC,False,True,153.6,59,65,62,60,62,REVENANT,60,61,64,63,62,family,family,
Intel,SSD 600p,1000,NVMe SSD,PCIe 3.0 x4,M.2/U.2/AIC,https://www.intel.com/content/www/us/en/support/products/35125/memory-and-storage.html,1800,560,TLC,False,True,300.0,59,85,62,60,68,REVENANT,60,68,80,69,69,family,family,
Intel,SSD 660p,512,NVMe SSD,PCIe 3.0 x4,M.2/U.2/AIC,https://www.intel.com/content/www/us/en/support/products/35125/memory-and-storage.html,1800,1800,QLC,False,True,102.4,59,65,63,60,62,REVENANT,60,61,65,64,62,family,family,
Intel,SSD 660p,1000,NVMe SSD,PCIe 3.0 x4,M.2/U.2/AIC,https://www.intel.com/content/www/us/en/support/products/35125/memory-and-storage.html,1800,1800,QLC,False,True,200.0,59,85,63,60,68,REVENANT,60,68,81,70,69,family,family,
Intel,SSD 660p,2000,NVMe SSD,PCIe 3.0 x4,M.2/U.2/AIC,https://www.intel.com/content/www/us/en/support/products/35125/memory-and-storage.html,1800,1800,QLC,False,True,400.0,59,100,63,60,72,GHOUL,60,73,93,74,74,family,family,
Intel,SSD 665p,1000,NVMe SSD,PCIe 3.0 x4,M.2/U.2/AIC,https://www.intel.com/content/www/us/en/support/products/35125/memory-and-storage.html,2000,1925,QLC,False,True,300.0,59,85,66,60,69,REVENANT,61,68,81,72,70,family,family,
Intel,SSD 665p,2000,NVMe SSD,PCIe 3.0 x4,M.2/U.2/AIC,https://www.intel.com/content/www/us/en/support/products/35125/memory-and-storage.html,2000,1925,QLC,False,True,600.0,59,100,66,60,73,GHOUL,61,73,93,76,75,family,family,
Intel,SSD 670p,512,NVMe SSD,PCIe 3.0 x4,M.2/U.2/AIC,https://www.intel.com/content/www/us/en/support/products/35125/memory-and-storage.html,3500,2700,QLC,False,True,189.4,76,65,72,75,72,GHOUL,75,72,66,70,71,family,family,
Intel,SSD 670p,1000,NVMe SSD,PCIe 3.0 x4,M.2/U.2/AIC,https://www.intel.com/content/www/us/en/support/products/35125/memory-and-storage.html,3500,2700,QLC,False,True,370.0,76,85,72,75,78,GHOUL,75,79,82,76,78,family,family,
Intel,SSD 670p,2000,NVMe SSD,PCIe 3.0 x4,M.2/U.2/AIC,https://www.intel.com/content/www/us/en/support/products/35125/memory-and-storage.html,3500,2700,QLC,False,True,740.0,76,100,72,75,82,GHOUL,75,84,94,80,83,family,family,
Intel,SSD 760p,128,NVMe SSD,PCIe 3.0 x4,M.2/U.2/AIC,https://www.intel.com/content/www/us/en/support/products/35125/memory-and-storage.html,3230,1625,TLC,True,False,70.4,73,15,86,75,59,REVENANT,51,38,29,65,58,family,family,
Intel,SSD 760p,256,NVMe SSD,PCIe 3.0 x4,M.2/U.2/AIC,https://www.intel.com/content/www/us/en/support/products/35125/memory-and-storage.html,3230,1625,TLC,True,False,140.8,73,35,86,75,65,REVENANT,76,45,45,71,65,family,family,
Intel,SSD 760p,512,NVMe SSD,PCIe 3.0 x4,M.2/U.2/AIC,https://www.intel.com/content/www/us/en/support/products/35125/memory-and-storage.html,3230,1625,TLC,True,False,281.6,73,65,86,75,74,GHOUL,76,70,69,80,75,family,family,
Intel,SSD 760p,1000,NVMe SSD,PCIe 3.0 x4,M.2/U.2/AIC,https://www.intel.com/content/www/us/en/support/products/35125/memory-and-storage.html,3230,1625,TLC,True,False,550.0,73,85,86,75,80,GHOUL,76,77,85,86,81,family,family,
Intel,SSD 760p,2000,NVMe SSD,PCIe 3.0 x4,M.2/U.2/AIC,https://www.intel.com/content/www/us/en/support/products/35125/memory-and-storage.html,3230,1625,TLC,True,False,1100.0,73,100,86,75,85,ALGHOUL,76,82,97,90,86,family,family,
Kingston,A1000,240,NVMe SSD,PCIe 3.0 x2,M.2 2280,https://www.kingston.com/en/support/technical/category/ssd,1500,1000,TLC,False,True,96.0,59,35,72,75,57,REVENANT,62,36,42,61,55,family,family,
Kingston,A1000,480,NVMe SSD,PCIe 3.0 x2,M.2 2280,https://www.kingston.com/en/support/technical/category/ssd,1500,1000,TLC,False,True,192.0,59,65,72,75,66,REVENANT,62,61,66,70,65,family,family,
Kingston,A1000,960,NVMe SSD,PCIe 3.0 x2,M.2 2280,https://www.kingston.com/en/support/technical/category/ssd,1500,1000,TLC,False,True,384.0,59,85,72,75,72,GHOUL,62,68,82,76,72,family,family,
Kingston,A2000,250,NVMe SSD,PCIe 3.0 x4,M.2 2280,https://www.kingston.com/en/support/technical/category/ssd,2200,2000,TLC,True,False,150.0,60,35,84,88,61,REVENANT,66,36,45,69,60,family,family,
Kingston,A2000,500,NVMe SSD,PCIe 3.0 x4,M.2 2280,https://www.kingston.com/en/support/technical/category/ssd,2200,2000,TLC,True,False,300.0,60,65,84,88,70,GHOUL,66,62,69,78,70,family,family,
Kingston,A2000,1000,NVMe SSD,PCIe 3.0 x4,M.2 2280,https://www.kingston.com/en/support/technical/category/ssd,2200,2000,TLC,True,False,600.0,60,85,84,88,76,GHOUL,66,69,85,84,76,family,family,
Kingston,FURY Renegade,500,NVMe SSD,PCIe 4.0 x4,M.2 2280,https://www.kingston.com/en/support/technical/category/ssd,7300,7000,TLC,True,False,500.0,94,65,99,100,87,ALGHOUL,95,84,72,89,86,family,family,
Kingston,FURY Renegade,1000,NVMe SSD,PCIe 4.0 x4,M.2 2280,https://www.kingston.com/en/support/technical/category/ssd,7300,7000,TLC,True,False,1000.0,94,85,99,100,93,ALGHOUL,95,91,88,95,93,family,family,
Kingston,FURY Renegade,2000,NVMe SSD,PCIe 4.0 x4,M.2 2280,https://www.kingston.com/en/support/technical/category/ssd,7300,7000,TLC,True,False,2000.0,94,100,99,100,98,ALGHOUL,95,96,100,99,98,family,family,
Kingston,FURY Renegade,4000,NVMe SSD,PCIe 4.0 x4,M.2 2280,https://www.kingston.com/en/support/technical/category/ssd,7300,7000,TLC,True,False,4000.0,94,100,99,100,98,ALGHOUL,95,96,100,99,98,family,family,
Kingston,FURY Renegade G5,1000,NVMe SSD,PCIe 5.0 x4,M.2 2280,https://www.kingston.com/en/support/technical/category/ssd,14800,14000,TLC,True,False,1000.0,100,85,100,100,96,ALGHOUL,100,95,88,96,95,family,family,
Kingston,FURY Renegade G5,2000,NVMe SSD,PCIe 5.0 x4,M.2 2280,https://www.kingston.com/en/support/technical/category/ssd,14800,14000,TLC,True,False,2000.0,100,100,100,100,100,ALGHOUL,100,100,100,100,100,family,family,
Kingston,FURY Renegade G5,4000,NVMe SSD,PCIe 5.0 x4,M.2 2280,https://www.kingston.com/en/support/technical/category/ssd,14800,14000,TLC,True,False,4000.0,100,100,100,100,100,ALGHOUL,100,100,100,100,100,family,family,
Kingston,KC1000,240,NVMe SSD,PCIe 3.0 x4,M.2 2280,https://www.kingston.com/en/support/technical/category/ssd,2700,1600,MLC,True,False,192.0,66,35,90,88,65,REVENANT,72,40,46,74,64,family,family,
Kingston,KC1000,480,NVMe SSD,PCIe 3.0 x4,M.2 2280,https://www.kingston.com/en/support/technical/category/ssd,2700,1600,MLC,True,False,384.0,66,65,90,88,74,GHOUL,72,66,70,82,74,family,family,
Kingston,KC1000,960,NVMe SSD,PCIe 3.0 x4,M.2 2280,https://www.kingston.com/en/support/technical/category/ssd,2700,1600,MLC,True,False,768.0,66,85,90,88,80,GHOUL,72,73,86,88,80,family,family,
Kingston,KC2000,250,NVMe SSD,PCIe 3.0 x4,M.2 2280,https://www.kingston.com/en/support/technical/category/ssd,3200,2200,TLC,True,False,150.0,73,35,90,88,67,REVENANT,77,45,46,74,66,family,family,
Kingston,KC2000,500,NVMe SSD,PCIe 3.0 x4,M.2 2280,https://www.kingston.com/en/support/technical/category/ssd,3200,2200,TLC,True,False,300.0,73,65,90,88,76,GHOUL,77,70,70,82,76,family,family,
Kingston,KC2000,1000,NVMe SSD,PCIe 3.0 x4,M.2 2280,https://www.kingston.com/en/support/technical/category/ssd,3200,2200,TLC,True,False,600.0,73,85,90,88,82,GHOUL,77,77,86,88,83,family,family,
Kingston,KC2000,2000,NVMe SSD,PCIe 3.0 x4,M.2 2280,https://www.kingston.com/en/support/technical/category/ssd,3200,2200,TLC,True,False,1200.0,73,100,90,88,87,ALGHOUL,77,82,98,93,88,family,family,
Kingston,KC2500,250,NVMe SSD,PCIe 3.0 x4,M.2 2280,https://www.kingston.com/en/support/technical/category/ssd,3500,2900,TLC,True,False,150.0,77,35,92,88,69,REVENANT,81,47,46,75,68,family,family,
Kingston,KC2500,500,NVMe SSD,PCIe 3.0 x4,M.2 2280,https://www.kingston.com/en/support/technical/category/ssd,3500,2900,TLC,True,False,300.0,77,65,92,88,78,GHOUL,81,73,70,84,78,family,family,
Kingston,KC2500,1000,NVMe SSD,PCIe 3.0 x4,M.2 2280,https://www.kingston.com/en/support/technical/category/ssd,3500,2900,TLC,True,False,600.0,77,85,92,88,84,GHOUL,81,80,86,90,85,family,family,
Kingston,KC2500,2000,NVMe SSD,PCIe 3.0 x4,M.2 2280,https://www.kingston.com/en/support/technical/category/ssd,3500,2900,TLC,True,False,1200.0,77,100,92,88,89,ALGHOUL,81,85,98,94,90,family,family,
Kingston,KC3000,512,NVMe SSD,PCIe 4.0 x4,M.2 2280,https://www.kingston.com/en/support/technical/category/ssd,7000,7000,TLC,True,False,409.6,88,65,98,88,84,GHOUL,90,80,72,88,84,family,family,
Kingston,KC3000,1024,NVMe SSD,PCIe 4.0 x4,M.2 2280,https://www.kingston.com/en/support/technical/category/ssd,7000,7000,TLC,True,False,819.2,88,85,98,88,90,ALGHOUL,90,87,88,94,90,family,family,
Kingston,KC3000,2048,NVMe SSD,PCIe 4.0 x4,M.2 2280,https://www.kingston.com/en/support/technical/category/ssd,7000,7000,TLC,True,False,1638.4,88,100,98,88,94,ALGHOUL,90,92,100,99,95,family,family,
Kingston,KC3000,4096,NVMe SSD,PCIe 4.0 x4,M.2 2280,https://www.kingston.com/en/support/technical/category/ssd,7000,7000,TLC,True,False,3276.8,88,100,98,88,94,ALGHOUL,90,92,100,99,95,family,family,
Kingston,NV1,500,NVMe SSD,PCIe 3.0 x4,M.2 2280,https://www.kingston.com/en/support/technical/category/ssd,2100,1700,TLC/QLC,False,True,125.0,59,65,60,60,61,REVENANT,59,61,64,62,61,family,family,
Kingston,NV1,1000,NVMe SSD,PCIe 3.0 x4,M.2 2280,https://www.kingston.com/en/support/technical/category/ssd,2100,1700,TLC/QLC,False,True,250.0,59,85,60,60,67,REVENANT,59,68,80,68,68,family,family,
Kingston,NV1,2000,NVMe SSD,PCIe 3.0 x4,M.2 2280,https://www.kingston.com/en/support/technical/category/ssd,2100,1700,TLC/QLC,False,True,500.0,59,100,60,60,72,GHOUL,59,73,92,72,73,family,family,
Kingston,NV2,250,NVMe SSD,PCIe 4.0 x4,M.2 2280,https://www.kingston.com/en/support/technical/category/ssd,3500,2800,TLC/QLC,False,True,80.0,73,35,58,60,57,REVENANT,69,45,40,51,55,family,family,
Kingston,NV2,500,NVMe SSD,PCIe 4.0 x4,M.2 2280,https://www.kingston.com/en/support/technical/category/ssd,3500,2800,TLC/QLC,False,True,160.0,73,65,58,60,66,REVENANT,69,70,64,60,65,family,family,
Kingston,NV2,1000,NVMe SSD,PCIe 4.0 x4,M.2 2280,https://www.kingston.com/en/support/technical/category/ssd,3500,2800,TLC/QLC,False,True,320.0,73,85,58,60,72,GHOUL,69,77,80,66,72,family,family,
Kingston,NV2,2000,NVMe SSD,PCIe 4.0 x4,M.2 2280,https://www.kingston.com/en/support/technical/category/ssd,3500,2800,TLC/QLC,False,True,640.0,73,100,58,60,76,GHOUL,69,82,92,71,77,family,family,
Kingston,NV2,4000,NVMe SSD,PCIe 4.0 x4,M.2 2280,https://www.kingston.com/en/support/technical/category/ssd,3500,2800,TLC/QLC,False,True,1280.0,73,100,58,60,76,GHOUL,69,82,92,71,77,family,family,
Kingston,NV3,500,NVMe SSD,PCIe 4.0 x4,M.2 2280,https://www.kingston.com/en/support/technical/category/ssd,6000,5000,TLC/QLC,False,True,160.0,79,65,65,60,69,REVENANT,76,74,65,65,70,family,family,
Kingston,NV3,1000,NVMe SSD,PCIe 4.0 x4,M.2 2280,https://www.kingston.com/en/support/technical/category/ssd,6000,5000,TLC/QLC,False,True,320.0,79,85,65,60,75,GHOUL,76,81,81,71,76,family,family,
Kingston,NV3,2000,NVMe SSD,PCIe 4.0 x4,M.2 2280,https://www.kingston.com/en/support/technical/category/ssd,6000,5000,TLC/QLC,False,True,640.0,79,100,65,60,80,GHOUL,76,86,93,76,81,family,family,
Kingston,NV3,4000,NVMe SSD,PCIe 4.0 x4,M.2 2280,https://www.kingston.com/en/support/technical/category/ssd,6000,5000,TLC/QLC,False,True,1280.0,79,100,65,60,80,GHOUL,76,86,93,76,81,family,family,
Kioxia,EXCERIA Basic,500,NVMe SSD,PCIe 3.0 x4,M.2 2280,https://europe.kioxia.com/en-europe/personal/support/download/ssd.html,3000,2500,TLC,False,True,200.0,65,65,72,75,68,REVENANT,67,65,66,70,67,family,family,
Kioxia,EXCERIA Basic,1000,NVMe SSD,PCIe 3.0 x4,M.2 2280,https://europe.kioxia.com/en-europe/personal/support/download/ssd.html,3000,2500,TLC,False,True,400.0,65,85,72,75,74,GHOUL,67,72,82,76,74,family,family,
Kioxia,EXCERIA Basic,2000,NVMe SSD,PCIe 3.0 x4,M.2 2280,https://europe.kioxia.com/en-europe/personal/support/download/ssd.html,3000,2500,TLC,False,True,800.0,65,100,72,75,78,GHOUL,67,77,94,80,79,family,family,
Kioxia,EXCERIA G2,1000,NVMe SSD,PCIe 3.0 x4,M.2 2280,https://europe.kioxia.com/en-europe/personal/support/download/ssd.html,2100,1700,TLC,False,True,400.0,59,85,76,75,73,GHOUL,63,68,83,79,73,family,family,
Kioxia,EXCERIA G2,2000,NVMe SSD,PCIe 3.0 x4,M.2 2280,https://europe.kioxia.com/en-europe/personal/support/download/ssd.html,2100,1700,TLC,False,True,800.0,59,100,76,75,77,GHOUL,63,73,95,83,78,family,family,
Kioxia,EXCERIA G3,1000,NVMe SSD,PCIe 4.0 x4,M.2 2280,https://europe.kioxia.com/en-europe/personal/support/download/ssd.html,6000,5000,TLC/QLC,False,True,500.0,79,85,82,75,81,GHOUL,80,81,84,83,82,family,family,
Kioxia,EXCERIA G3,2000,NVMe SSD,PCIe 4.0 x4,M.2 2280,https://europe.kioxia.com/en-europe/personal/support/download/ssd.html,6000,5000,TLC/QLC,False,True,1000.0,79,100,82,75,86,ALGHOUL,80,86,96,87,87,family,family,
Kioxia,EXCERIA G3,4000,NVMe SSD,PCIe 4.0 x4,M.2 2280,https://europe.kioxia.com/en-europe/personal/support/download/ssd.html,6000,5000,TLC/QLC,False,True,2000.0,79,100,82,75,86,ALGHOUL,80,86,96,87,87,family,family,
Kioxia,EXCERIA NVMe,250,NVMe SSD,PCIe 3.0 x4,M.2 2280,https://europe.kioxia.com/en-europe/personal/support/download/ssd.html,1700,1600,TLC,False,True,100.0,59,35,72,75,57,REVENANT,62,36,42,61,55,family,family,
Kioxia,EXCERIA NVMe,500,NVMe SSD,PCIe 3.0 x4,M.2 2280,https://europe.kioxia.com/en-europe/personal/support/download/ssd.html,1700,1600,TLC,False,True,200.0,59,65,72,75,66,REVENANT,62,61,66,70,65,family,family,
Kioxia,EXCERIA NVMe,1000,NVMe SSD,PCIe 3.0 x4,M.2 2280,https://europe.kioxia.com/en-europe/personal/support/download/ssd.html,1700,1600,TLC,False,True,400.0,59,85,72,75,72,GHOUL,62,68,82,76,72,family,family,
Kioxia,EXCERIA PLUS,500,NVMe SSD,PCIe 3.0 x4,M.2 2280,https://europe.kioxia.com/en-europe/personal/support/download/ssd.html,3400,3200,TLC,True,False,300.0,73,65,88,88,76,GHOUL,77,70,70,81,75,family,family,
Kioxia,EXCERIA PLUS,1000,NVMe SSD,PCIe 3.0 x4,M.2 2280,https://europe.kioxia.com/en-europe/personal/support/download/ssd.html,3400,3200,TLC,True,False,600.0,73,85,88,88,82,GHOUL,77,77,86,87,82,family,family,
Kioxia,EXCERIA PLUS,2000,NVMe SSD,PCIe 3.0 x4,M.2 2280,https://europe.kioxia.com/en-europe/personal/support/download/ssd.html,3400,3200,TLC,True,False,1200.0,73,100,88,88,86,ALGHOUL,77,82,98,92,87,family,family,
Kioxia,EXCERIA PLUS G2,500,NVMe SSD,PCIe 3.0 x4,M.2 2280,https://europe.kioxia.com/en-europe/personal/support/download/ssd.html,3400,3200,TLC,True,False,300.0,73,65,90,88,76,GHOUL,77,70,70,82,76,family,family,
Kioxia,EXCERIA PLUS G2,1000,NVMe SSD,PCIe 3.0 x4,M.2 2280,https://europe.kioxia.com/en-europe/personal/support/download/ssd.html,3400,3200,TLC,True,False,600.0,73,85,90,88,82,GHOUL,77,77,86,88,83,family,family,
Kioxia,EXCERIA PLUS G2,2000,NVMe SSD,PCIe 3.0 x4,M.2 2280,https://europe.kioxia.com/en-europe/personal/support/download/ssd.html,3400,3200,TLC,True,False,1200.0,73,100,90,88,87,ALGHOUL,77,82,98,93,88,family,family,
Kioxia,EXCERIA PLUS G3,1000,NVMe SSD,PCIe 4.0 x4,M.2 2280,https://europe.kioxia.com/en-europe/personal/support/download/ssd.html,5000,3900,TLC,False,True,600.0,79,85,86,88,83,GHOUL,81,81,85,86,83,family,family,
Kioxia,EXCERIA PLUS G3,2000,NVMe SSD,PCIe 4.0 x4,M.2 2280,https://europe.kioxia.com/en-europe/personal/support/download/ssd.html,5000,3900,TLC,False,True,1200.0,79,100,86,88,88,ALGHOUL,81,86,97,90,88,family,family,
Kioxia,EXCERIA PLUS G4,1000,NVMe SSD,PCIe 5.0 x4,M.2 2280,https://europe.kioxia.com/en-europe/personal/support/download/ssd.html,10000,8200,TLC,True,False,600.0,96,85,96,88,92,ALGHOUL,96,92,87,93,92,family,family,
Kioxia,EXCERIA PLUS G4,2000,NVMe SSD,PCIe 5.0 x4,M.2 2280,https://europe.kioxia.com/en-europe/personal/support/download/ssd.html,10000,8200,TLC,True,False,1200.0,96,100,96,88,96,ALGHOUL,96,97,99,97,97,family,family,
Kioxia,EXCERIA PRO,1000,NVMe SSD,PCIe 4.0 x4,M.2 2280,https://europe.kioxia.com/en-europe/personal/support/download/ssd.html,7300,6400,TLC,True,False,800.0,94,85,98,88,92,ALGHOUL,95,91,88,94,92,family,family,
Kioxia,EXCERIA PRO,2000,NVMe SSD,PCIe 4.0 x4,M.2 2280,https://europe.kioxia.com/en-europe/personal/support/download/ssd.html,7300,6400,TLC,True,False,1600.0,94,100,98,88,96,ALGHOUL,95,96,100,99,97,family,family,
Kioxia,EXCERIA PRO G2,1000,NVMe SSD,PCIe 5.0 x4,M.2 2280,https://europe.kioxia.com/en-europe/personal/support/download/ssd.html,14000,12000,TLC,True,False,800.0,100,85,100,88,94,ALGHOUL,100,95,88,96,95,family,family,
Kioxia,EXCERIA PRO G2,2000,NVMe SSD,PCIe 5.0 x4,M.2 2280,https://europe.kioxia.com/en-europe/personal/support/download/ssd.html,14000,12000,TLC,True,False,1600.0,100,100,100,88,99,ALGHOUL,100,100,100,100,100,family,family,
Lexar,ARES,1000,NVMe SSD,PCIe 4.0 x4,M.2 2280,https://www.lexar.com/support/,7400,6500,TLC,False,True,700.0,93,85,94,88,90,ALGHOUL,93,90,87,91,91,family,family,
Lexar,ARES,2000,NVMe SSD,PCIe 4.0 x4,M.2 2280,https://www.lexar.com/support/,7400,6500,TLC,False,True,1400.0,93,100,94,88,95,ALGHOUL,93,95,99,96,96,family,family,
Lexar,ARES,4000,NVMe SSD,PCIe 4.0 x4,M.2 2280,https://www.lexar.com/support/,7400,6500,TLC,False,True,2800.0,93,100,94,88,95,ALGHOUL,93,95,99,96,96,family,family,
Lexar,NM1090,1000,NVMe SSD,PCIe 5.0 x4,M.2 2280,https://www.lexar.com/support/,14000,13000,TLC,True,False,700.0,100,85,100,88,94,ALGHOUL,100,95,88,96,95,family,family,
Lexar,NM1090,2000,NVMe SSD,PCIe 5.0 x4,M.2 2280,https://www.lexar.com/support/,14000,13000,TLC,True,False,1400.0,100,100,100,88,99,ALGHOUL,100,100,100,100,100,family,family,
Lexar,NM1090,4000,NVMe SSD,PCIe 5.0 x4,M.2 2280,https://www.lexar.com/support/,14000,13000,TLC,True,False,2800.0,100,100,100,88,99,ALGHOUL,100,100,100,100,100,family,family,
Lexar,NM610,250,NVMe SSD,PCIe 3.0 x4,M.2 2280,https://www.lexar.com/support/,2100,1600,TLC,False,True,100.0,59,35,70,75,56,REVENANT,62,36,42,60,55,family,family,
Lexar,NM610,500,NVMe SSD,PCIe 3.0 x4,M.2 2280,https://www.lexar.com/support/,2100,1600,TLC,False,True,200.0,59,65,70,75,65,REVENANT,62,61,66,68,65,family,family,
Lexar,NM610,1000,NVMe SSD,PCIe 3.0 x4,M.2 2280,https://www.lexar.com/support/,2100,1600,TLC,False,True,400.0,59,85,70,75,71,GHOUL,62,68,82,74,71,family,family,
Lexar,NM610 Pro,500,NVMe SSD,PCIe 3.0 x4,M.2 2280,https://www.lexar.com/support/,3300,2600,TLC,False,True,250.0,72,65,76,75,71,GHOUL,73,70,67,73,71,family,family,
Lexar,NM610 Pro,1000,NVMe SSD,PCIe 3.0 x4,M.2 2280,https://www.lexar.com/support/,3300,2600,TLC,False,True,500.0,72,85,76,75,77,GHOUL,73,77,83,79,78,family,family,
Lexar,NM610 Pro,2000,NVMe SSD,PCIe 3.0 x4,M.2 2280,https://www.lexar.com/support/,3300,2600,TLC,False,True,1000.0,72,100,76,75,82,GHOUL,73,82,95,83,83,family,family,
Lexar,NM620,256,NVMe SSD,PCIe 3.0 x4,M.2 2280,https://www.lexar.com/support/,3300,3000,TLC,False,True,128.0,72,35,80,75,63,REVENANT,74,44,44,66,62,family,family,
Lexar,NM620,512,NVMe SSD,PCIe 3.0 x4,M.2 2280,https://www.lexar.com/support/,3300,3000,TLC,False,True,256.0,72,65,80,75,72,GHOUL,74,70,68,76,72,family,family,
Lexar,NM620,1000,NVMe SSD,PCIe 3.0 x4,M.2 2280,https://www.lexar.com/support/,3300,3000,TLC,False,True,500.0,72,85,80,75,78,GHOUL,74,77,84,82,79,family,family,
Lexar,NM620,2000,NVMe SSD,PCIe 3.0 x4,M.2 2280,https://www.lexar.com/support/,3300,3000,TLC,False,True,1000.0,72,100,80,75,83,GHOUL,74,82,96,86,84,family,family,
Lexar,NM710,500,NVMe SSD,PCIe 4.0 x4,M.2 2280,https://www.lexar.com/support/,5000,4500,TLC,False,True,300.0,79,65,84,88,77,GHOUL,80,74,69,78,76,family,family,
Lexar,NM710,1000,NVMe SSD,PCIe 4.0 x4,M.2 2280,https://www.lexar.com/support/,5000,4500,TLC,False,True,600.0,79,85,84,88,83,GHOUL,80,81,85,84,83,family,family,
Lexar,NM710,2000,NVMe SSD,PCIe 4.0 x4,M.2 2280,https://www.lexar.com/support/,5000,4500,TLC,False,True,1200.0,79,100,84,88,87,ALGHOUL,80,86,97,89,88,family,family,
Lexar,NM710,4000,NVMe SSD,PCIe 4.0 x4,M.2 2280,https://www.lexar.com/support/,5000,4500,TLC,False,True,2400.0,79,100,84,88,87,ALGHOUL,80,86,97,89,88,family,family,
Lexar,NM790,512,NVMe SSD,PCIe 4.0 x4,M.2 2280,https://www.lexar.com/support/,7400,6500,TLC,False,True,384.0,93,65,96,88,85,ALGHOUL,94,83,71,87,85,family,family,
Lexar,NM790,1000,NVMe SSD,PCIe 4.0 x4,M.2 2280,https://www.lexar.com/support/,7400,6500,TLC,False,True,750.0,93,85,96,88,91,ALGHOUL,94,90,87,93,91,family,family,
Lexar,NM790,2000,NVMe SSD,PCIe 4.0 x4,M.2 2280,https://www.lexar.com/support/,7400,6500,TLC,False,True,1500.0,93,100,96,88,95,ALGHOUL,94,95,99,97,96,family,family,
Lexar,NM790,4000,NVMe SSD,PCIe 4.0 x4,M.2 2280,https://www.lexar.com/support/,7400,6500,TLC,False,True,3000.0,93,100,96,88,95,ALGHOUL,94,95,99,97,96,family,family,
Lexar,NM790,8000,NVMe SSD,PCIe 4.0 x4,M.2 2280,https://www.lexar.com/support/,7400,6500,TLC,False,True,6000.0,93,100,96,88,95,ALGHOUL,94,95,99,97,96,family,family,
Lexar,NM800,512,NVMe SSD,PCIe 4.0 x4,M.2 2280,https://www.lexar.com/support/,7400,5800,TLC,True,False,384.0,94,65,96,88,85,ALGHOUL,94,84,71,87,85,family,family,
Lexar,NM800,1000,NVMe SSD,PCIe 4.0 x4,M.2 2280,https://www.lexar.com/support/,7400,5800,TLC,True,False,750.0,94,85,96,88,91,ALGHOUL,94,91,87,93,92,family,family,
Lexar,NM800,2000,NVMe SSD,PCIe 4.0 x4,M.2 2280,https://www.lexar.com/support/,7400,5800,TLC,True,False,1500.0,94,100,96,88,96,ALGHOUL,94,96,99,97,97,family,family,
Lexar,NM800 Pro,512,NVMe SSD,PCIe 4.0 x4,M.2 2280,https://www.lexar.com/support/,7500,6500,TLC,True,False,384.0,94,65,98,88,86,ALGHOUL,95,84,72,88,86,family,family,
Lexar,NM800 Pro,1000,NVMe SSD,PCIe 4.0 x4,M.2 2280,https://www.lexar.com/support/,7500,6500,TLC,True,False,750.0,94,85,98,88,92,ALGHOUL,95,91,88,94,92,family,family,
Lexar,NM800 Pro,2000,NVMe SSD,PCIe 4.0 x4,M.2 2280,https://www.lexar.com/support/,7500,6500,TLC,True,False,1500.0,94,100,98,88,96,ALGHOUL,95,96,100,99,97,family,family,
Lexar,NQ710,500,NVMe SSD,PCIe 4.0 x4,M.2 2280,https://www.lexar.com/support/,5000,4500,QLC,False,True,125.0,79,65,70,60,71,GHOUL,77,74,66,68,71,family,family,
Lexar,NQ710,1000,NVMe SSD,PCIe 4.0 x4,M.2 2280,https://www.lexar.com/support/,5000,4500,QLC,False,True,250.0,79,85,70,60,77,GHOUL,77,81,82,74,78,family,family,
Lexar,NQ710,2000,NVMe SSD,PCIe 4.0 x4,M.2 2280,https://www.lexar.com/support/,5000,4500,QLC,False,True,500.0,79,100,70,60,81,GHOUL,77,86,94,79,83,family,family,
Lexar,NQ780,1000,NVMe SSD,PCIe 4.0 x4,M.2 2280,https://www.lexar.com/support/,7000,6000,QLC,False,True,300.0,87,85,76,60,81,GHOUL,84,86,83,79,83,family,family,
Lexar,NQ780,2000,NVMe SSD,PCIe 4.0 x4,M.2 2280,https://www.lexar.com/support/,7000,6000,QLC,False,True,600.0,87,100,76,60,85,ALGHOUL,84,92,95,83,88,family,family,
Lexar,NQ780,4000,NVMe SSD,PCIe 4.0 x4,M.2 2280,https://www.lexar.com/support/,7000,6000,QLC,False,True,1200.0,87,100,76,60,85,ALGHOUL,84,92,95,83,88,family,family,
Lexar,NQ790,1000,NVMe SSD,PCIe 4.0 x4,M.2 2280,https://www.lexar.com/support/,7000,6000,QLC,False,True,300.0,87,85,78,60,81,GHOUL,85,86,84,80,83,family,family,
Lexar,NQ790,2000,NVMe SSD,PCIe 4.0 x4,M.2 2280,https://www.lexar.com/support/,7000,6000,QLC,False,True,600.0,87,100,78,60,86,ALGHOUL,85,92,96,85,88,family,family,
Lexar,NQ790,4000,NVMe SSD,PCIe 4.0 x4,M.2 2280,https://www.lexar.com/support/,7000,6000,QLC,False,True,1200.0,87,100,78,60,86,ALGHOUL,85,92,96,85,88,family,family,
Lexar,NQ790,8000,NVMe SSD,PCIe 4.0 x4,M.2 2280,https://www.lexar.com/support/,7000,6000,QLC,False,True,2400.0,87,100,78,60,86,ALGHOUL,85,92,96,85,88,family,family,
PNY,CS1030,250,NVMe SSD,PCIe 3.0 x4,M.2 2280,https://www.pny.com/company/support/solid-state-drives,2100,1900,TLC,False,True,100.0,59,35,70,75,56,REVENANT,62,36,42,60,55,family,family,
PNY,CS1030,500,NVMe SSD,PCIe 3.0 x4,M.2 2280,https://www.pny.com/company/support/solid-state-drives,2100,1900,TLC,False,True,200.0,59,65,70,75,65,REVENANT,62,61,66,68,65,family,family,
PNY,CS1030,1000,NVMe SSD,PCIe 3.0 x4,M.2 2280,https://www.pny.com/company/support/solid-state-drives,2100,1900,TLC,False,True,400.0,59,85,70,75,71,GHOUL,62,68,82,74,71,family,family,
PNY,CS1030,2000,NVMe SSD,PCIe 3.0 x4,M.2 2280,https://www.pny.com/company/support/solid-state-drives,2100,1900,TLC,False,True,800.0,59,100,70,75,76,GHOUL,62,73,94,79,76,family,family,
PNY,CS1031,500,NVMe SSD,PCIe 3.0 x4,M.2 2280,https://www.pny.com/company/support/solid-state-drives,2400,1750,TLC,False,True,200.0,59,65,72,75,66,REVENANT,62,61,66,70,65,family,family,
PNY,CS1031,1000,NVMe SSD,PCIe 3.0 x4,M.2 2280,https://www.pny.com/company/support/solid-state-drives,2400,1750,TLC,False,True,400.0,59,85,72,75,72,GHOUL,62,68,82,76,72,family,family,
PNY,CS1031,2000,NVMe SSD,PCIe 3.0 x4,M.2 2280,https://www.pny.com/company/support/solid-state-drives,2400,1750,TLC,False,True,800.0,59,100,72,75,76,GHOUL,62,73,94,80,77,family,family,
PNY,CS2030,240,NVMe SSD,PCIe 3.0 x4,M.2 2280,https://www.pny.com/company/support/solid-state-drives,2750,1500,MLC,True,False,192.0,66,35,86,88,64,REVENANT,71,40,45,71,62,family,family,
PNY,CS2030,480,NVMe SSD,PCIe 3.0 x4,M.2 2280,https://www.pny.com/company/support/solid-state-drives,2750,1500,MLC,True,False,384.0,66,65,86,88,73,GHOUL,71,66,69,80,72,family,family,
PNY,CS2130,500,NVMe SSD,PCIe 3.0 x4,M.2 2280,https://www.pny.com/company/support/solid-state-drives,3500,3000,TLC,False,True,250.0,76,65,78,75,73,GHOUL,76,72,68,74,73,family,family,
PNY,CS2130,1000,NVMe SSD,PCIe 3.0 x4,M.2 2280,https://www.pny.com/company/support/solid-state-drives,3500,3000,TLC,False,True,500.0,76,85,78,75,79,GHOUL,76,79,84,80,80,family,family,
PNY,CS2130,2000,NVMe SSD,PCIe 3.0 x4,M.2 2280,https://www.pny.com/company/support/solid-state-drives,3500,3000,TLC,False,True,1000.0,76,100,78,75,84,GHOUL,76,84,96,85,85,family,family,
PNY,CS2130,4000,NVMe SSD,PCIe 3.0 x4,M.2 2280,https://www.pny.com/company/support/solid-state-drives,3500,3000,TLC,False,True,2000.0,76,100,78,75,84,GHOUL,76,84,96,85,85,family,family,
PNY,CS2140,500,NVMe SSD,PCIe 4.0 x4,M.2 2280,https://www.pny.com/company/support/solid-state-drives,3600,3200,TLC,False,True,250.0,73,65,80,75,73,GHOUL,75,70,68,76,73,family,family,
PNY,CS2140,1000,NVMe SSD,PCIe 4.0 x4,M.2 2280,https://www.pny.com/company/support/solid-state-drives,3600,3200,TLC,False,True,500.0,73,85,80,75,79,GHOUL,75,77,84,82,79,family,family,
PNY,CS2140,2000,NVMe SSD,PCIe 4.0 x4,M.2 2280,https://www.pny.com/company/support/solid-state-drives,3600,3200,TLC,False,True,1000.0,73,100,80,75,83,GHOUL,75,82,96,86,84,family,family,
PNY,CS2230,500,NVMe SSD,PCIe 3.0 x4,M.2 2280,https://www.pny.com/company/support/solid-state-drives,3300,2500,TLC,False,True,250.0,72,65,76,75,71,GHOUL,73,70,67,73,71,family,family,
PNY,CS2230,1000,NVMe SSD,PCIe 3.0 x4,M.2 2280,https://www.pny.com/company/support/solid-state-drives,3300,2500,TLC,False,True,500.0,72,85,76,75,77,GHOUL,73,77,83,79,78,family,family,
PNY,CS2230,2000,NVMe SSD,PCIe 3.0 x4,M.2 2280,https://www.pny.com/company/support/solid-state-drives,3300,2500,TLC,False,True,1000.0,72,100,76,75,82,GHOUL,73,82,95,83,83,family,family,
PNY,CS2240,500,NVMe SSD,PCIe 4.0 x4,M.2 2280,https://www.pny.com/company/support/solid-state-drives,5000,4200,TLC,False,True,250.0,79,65,82,75,75,GHOUL,80,74,68,77,75,family,family,
PNY,CS2240,1000,NVMe SSD,PCIe 4.0 x4,M.2 2280,https://www.pny.com/company/support/solid-state-drives,5000,4200,TLC,False,True,500.0,79,85,82,75,81,GHOUL,80,81,84,83,82,family,family,
PNY,CS2240,2000,NVMe SSD,PCIe 4.0 x4,M.2 2280,https://www.pny.com/company/support/solid-state-drives,5000,4200,TLC,False,True,1000.0,79,100,82,75,86,ALGHOUL,80,86,96,87,87,family,family,
PNY,CS2241,500,NVMe SSD,PCIe 4.0 x4,M.2 2280,https://www.pny.com/company/support/solid-state-drives,5100,4200,TLC,False,True,250.0,79,65,83,75,75,GHOUL,80,74,69,78,76,family,family,
PNY,CS2241,1000,NVMe SSD,PCIe 4.0 x4,M.2 2280,https://www.pny.com/company/support/solid-state-drives,5100,4200,TLC,False,True,500.0,79,85,83,75,81,GHOUL,80,81,85,84,82,family,family,
PNY,CS2241,2000,NVMe SSD,PCIe 4.0 x4,M.2 2280,https://www.pny.com/company/support/solid-state-drives,5100,4200,TLC,False,True,1000.0,79,100,83,75,86,ALGHOUL,80,86,97,88,87,family,family,
PNY,CS2241,4000,NVMe SSD,PCIe 4.0 x4,M.2 2280,https://www.pny.com/company/support/solid-state-drives,5100,4200,TLC,False,True,2000.0,79,100,83,75,86,ALGHOUL,80,86,97,88,87,family,family,
PNY,CS3030,250,NVMe SSD,PCIe 3.0 x4,M.2 2280,https://www.pny.com/company/support/solid-state-drives,3500,3000,TLC,True,False,200.0,77,35,92,88,69,REVENANT,81,47,46,75,68,family,family,
PNY,CS3030,500,NVMe SSD,PCIe 3.0 x4,M.2 2280,https://www.pny.com/company/support/solid-state-drives,3500,3000,TLC,True,False,400.0,77,65,92,88,78,GHOUL,81,73,70,84,78,family,family,
PNY,CS3030,1000,NVMe SSD,PCIe 3.0 x4,M.2 2280,https://www.pny.com/company/support/solid-state-drives,3500,3000,TLC,True,False,800.0,77,85,92,88,84,GHOUL,81,80,86,90,85,family,family,
PNY,CS3030,2000,NVMe SSD,PCIe 3.0 x4,M.2 2280,https://www.pny.com/company/support/solid-state-drives,3500,3000,TLC,True,False,1600.0,77,100,92,88,89,ALGHOUL,81,85,98,94,90,family,family,
PNY,CS3040,500,NVMe SSD,PCIe 4.0 x4,M.2 2280,https://www.pny.com/company/support/solid-state-drives,5600,4300,TLC,True,False,900.0,80,65,92,100,80,GHOUL,83,75,70,84,79,family,family,
PNY,CS3040,1000,NVMe SSD,PCIe 4.0 x4,M.2 2280,https://www.pny.com/company/support/solid-state-drives,5600,4300,TLC,True,False,1800.0,80,85,92,100,86,ALGHOUL,83,82,86,90,86,family,family,
PNY,CS3040,2000,NVMe SSD,PCIe 4.0 x4,M.2 2280,https://www.pny.com/company/support/solid-state-drives,5600,4300,TLC,True,False,3600.0,80,100,92,100,91,ALGHOUL,83,87,98,94,91,family,family,
PNY,CS3040,4000,NVMe SSD,PCIe 4.0 x4,M.2 2280,https://www.pny.com/company/support/solid-state-drives,5600,4300,TLC,True,False,7200.0,80,100,92,100,91,ALGHOUL,83,87,98,94,91,family,family,
PNY,CS3140,1000,NVMe SSD,PCIe 4.0 x4,M.2 2280,https://www.pny.com/company/support/solid-state-drives,7500,6850,TLC,True,False,700.0,94,85,99,88,92,ALGHOUL,95,91,88,95,93,family,family,
PNY,CS3140,2000,NVMe SSD,PCIe 4.0 x4,M.2 2280,https://www.pny.com/company/support/solid-state-drives,7500,6850,TLC,True,False,1400.0,94,100,99,88,96,ALGHOUL,95,96,100,99,98,family,family,
PNY,CS3140,4000,NVMe SSD,PCIe 4.0 x4,M.2 2280,https://www.pny.com/company/support/solid-state-drives,7500,6850,TLC,True,False,2800.0,94,100,99,88,96,ALGHOUL,95,96,100,99,98,family,family,
PNY,CS3150,1000,NVMe SSD,PCIe 5.0 x4,M.2 2280,https://www.pny.com/company/support/solid-state-drives,12000,11000,TLC,True,False,700.0,100,85,99,88,94,ALGHOUL,100,95,88,95,95,family,family,
PNY,CS3150,2000,NVMe SSD,PCIe 5.0 x4,M.2 2280,https://www.pny.com/company/support/solid-state-drives,12000,11000,TLC,True,False,1400.0,100,100,99,88,99,ALGHOUL,100,100,100,99,100,family,family,
PNY,CS3250,1000,NVMe SSD,PCIe 5.0 x4,M.2 2280,https://www.pny.com/company/support/solid-state-drives,14000,12000,TLC,True,False,700.0,100,85,100,88,94,ALGHOUL,100,95,88,96,95,family,family,
PNY,CS3250,2000,NVMe SSD,PCIe 5.0 x4,M.2 2280,https://www.pny.com/company/support/solid-state-drives,14000,12000,TLC,True,False,1400.0,100,100,100,88,99,ALGHOUL,100,100,100,100,100,family,family,
PNY,CS3250,4000,NVMe SSD,PCIe 5.0 x4,M.2 2280,https://www.pny.com/company/support/solid-state-drives,14000,12000,TLC,True,False,2800.0,100,100,100,88,99,ALGHOUL,100,100,100,100,100,family,family,
Patriot,P300,128,NVMe SSD,PCIe 3.0 x4,M.2 2280,https://support.patriotmemory.com/,2100,1650,TLC,False,True,51.2,59,15,68,75,50,SCRAPWRAITH,36,29,26,52,47,family,family,
Patriot,P300,256,NVMe SSD,PCIe 3.0 x4,M.2 2280,https://support.patriotmemory.com/,2100,1650,TLC,False,True,102.4,59,35,68,75,56,REVENANT,61,36,42,58,54,family,family,
Patriot,P300,512,NVMe SSD,PCIe 3.0 x4,M.2 2280,https://support.patriotmemory.com/,2100,1650,TLC,False,True,204.8,59,65,68,75,65,REVENANT,61,61,66,67,64,family,family,
Patriot,P300,1000,NVMe SSD,PCIe 3.0 x4,M.2 2280,https://support.patriotmemory.com/,2100,1650,TLC,False,True,400.0,59,85,68,75,71,GHOUL,61,68,82,73,71,family,family,
Patriot,P300,2000,NVMe SSD,PCIe 3.0 x4,M.2 2280,https://support.patriotmemory.com/,2100,1650,TLC,False,True,800.0,59,100,68,75,75,GHOUL,61,73,94,78,76,family,family,
Patriot,P310,480,NVMe SSD,PCIe 3.0 x4,M.2 2280,https://support.patriotmemory.com/,2100,1800,TLC,False,True,192.0,59,65,70,75,65,REVENANT,62,61,66,68,65,family,family,
Patriot,P310,960,NVMe SSD,PCIe 3.0 x4,M.2 2280,https://support.patriotmemory.com/,2100,1800,TLC,False,True,384.0,59,85,70,75,71,GHOUL,62,68,82,74,71,family,family,
Patriot,P310,1920,NVMe SSD,PCIe 3.0 x4,M.2 2280,https://support.patriotmemory.com/,2100,1800,TLC,False,True,768.0,59,100,70,75,76,GHOUL,62,73,94,79,76,family,family,
Patriot,Scorch,128,NVMe SSD,PCIe 3.0 x2,M.2 2280,https://support.patriotmemory.com/,1700,950,TLC,False,True,44.8,59,15,66,60,48,SCRAPWRAITH,36,29,25,51,47,family,family,
Patriot,Scorch,256,NVMe SSD,PCIe 3.0 x2,M.2 2280,https://support.patriotmemory.com/,1700,950,TLC,False,True,89.6,59,35,66,60,54,SCRAPWRAITH,61,36,41,57,53,family,family,
Patriot,Scorch,512,NVMe SSD,PCIe 3.0 x2,M.2 2280,https://support.patriotmemory.com/,1700,950,TLC,False,True,179.2,59,65,66,60,63,REVENANT,61,61,65,66,63,family,family,
Patriot,Viper VP4100,1000,NVMe SSD,PCIe 4.0 x4,M.2 2280,https://support.patriotmemory.com/,5000,4400,TLC,True,False,1800.0,80,85,95,100,87,ALGHOUL,84,82,87,92,87,family,family,
Patriot,Viper VP4100,2000,NVMe SSD,PCIe 4.0 x4,M.2 2280,https://support.patriotmemory.com/,5000,4400,TLC,True,False,3600.0,80,100,95,100,92,ALGHOUL,84,87,99,96,92,family,family,
Patriot,Viper VP4300,1000,NVMe SSD,PCIe 4.0 x4,M.2 2280,https://support.patriotmemory.com/,7400,6800,TLC,True,False,800.0,94,85,98,88,92,ALGHOUL,95,91,88,94,92,family,family,
Patriot,Viper VP4300,2000,NVMe SSD,PCIe 4.0 x4,M.2 2280,https://support.patriotmemory.com/,7400,6800,TLC,True,False,1600.0,94,100,98,88,96,ALGHOUL,95,96,100,99,97,family,family,
Patriot,Viper VP4300 Lite,500,NVMe SSD,PCIe 4.0 x4,M.2 2280,https://support.patriotmemory.com/,7400,6400,TLC,False,True,300.0,93,65,90,88,83,GHOUL,92,83,70,82,83,family,family,
Patriot,Viper VP4300 Lite,1000,NVMe SSD,PCIe 4.0 x4,M.2 2280,https://support.patriotmemory.com/,7400,6400,TLC,False,True,600.0,93,85,90,88,89,ALGHOUL,92,90,86,88,89,family,family,
Patriot,Viper VP4300 Lite,2000,NVMe SSD,PCIe 4.0 x4,M.2 2280,https://support.patriotmemory.com/,7400,6400,TLC,False,True,1200.0,93,100,90,88,94,ALGHOUL,92,95,98,93,94,family,family,
Patriot,Viper VP4300 Lite,4000,NVMe SSD,PCIe 4.0 x4,M.2 2280,https://support.patriotmemory.com/,7400,6400,TLC,False,True,2400.0,93,100,90,88,94,ALGHOUL,92,95,98,93,94,family,family,
Patriot,Viper VPN100,256,NVMe SSD,PCIe 3.0 x4,M.2 2280,https://support.patriotmemory.com/,3450,3000,TLC,True,False,204.8,73,35,92,88,68,REVENANT,78,45,46,75,67,family,family,
Patriot,Viper VPN100,512,NVMe SSD,PCIe 3.0 x4,M.2 2280,https://support.patriotmemory.com/,3450,3000,TLC,True,False,409.6,73,65,92,88,77,GHOUL,78,70,70,84,77,family,family,
Patriot,Viper VPN100,1000,NVMe SSD,PCIe 3.0 x4,M.2 2280,https://support.patriotmemory.com/,3450,3000,TLC,True,False,800.0,73,85,92,88,83,GHOUL,78,77,86,90,83,family,family,
Patriot,Viper VPN100,2000,NVMe SSD,PCIe 3.0 x4,M.2 2280,https://support.patriotmemory.com/,3450,3000,TLC,True,False,1600.0,73,100,92,88,87,ALGHOUL,78,82,98,94,88,family,family,
SK hynix,Gold P31,500,NVMe SSD,PCIe 3.0 x4,M.2 2280,https://ssd.skhynix.com/,3500,3200,TLC,True,False,375.0,77,65,96,88,79,GHOUL,82,73,71,87,79,family,family,
SK hynix,Gold P31,1000,NVMe SSD,PCIe 3.0 x4,M.2 2280,https://ssd.skhynix.com/,3500,3200,TLC,True,False,750.0,77,85,96,88,85,ALGHOUL,82,80,87,93,86,family,family,
SK hynix,Gold P31,2000,NVMe SSD,PCIe 3.0 x4,M.2 2280,https://ssd.skhynix.com/,3500,3200,TLC,True,False,1500.0,77,100,96,88,90,ALGHOUL,82,85,99,97,91,family,family,
SK hynix,Platinum P41,500,NVMe SSD,PCIe 4.0 x4,M.2 2280,https://ssd.skhynix.com/,7000,6500,TLC,True,False,375.0,88,65,98,88,84,GHOUL,90,80,72,88,84,family,family,
SK hynix,Platinum P41,1000,NVMe SSD,PCIe 4.0 x4,M.2 2280,https://ssd.skhynix.com/,7000,6500,TLC,True,False,750.0,88,85,98,88,90,ALGHOUL,90,87,88,94,90,family,family,
SK hynix,Platinum P41,2000,NVMe SSD,PCIe 4.0 x4,M.2 2280,https://ssd.skhynix.com/,7000,6500,TLC,True,False,1500.0,88,100,98,88,94,ALGHOUL,90,92,100,99,95,family,family,
Sabrent,Rocket,256,NVMe SSD,PCIe 3.0 x4,M.2 2280,https://sabrent.com/pages/support,3450,3000,TLC,True,False,204.8,73,35,92,88,68,REVENANT,78,45,46,75,67,family,family,
Sabrent,Rocket,512,NVMe SSD,PCIe 3.0 x4,M.2 2280,https://sabrent.com/pages/support,3450,3000,TLC,True,False,409.6,73,65,92,88,77,GHOUL,78,70,70,84,77,family,family,
Sabrent,Rocket,1000,NVMe SSD,PCIe 3.0 x4,M.2 2280,https://sabrent.com/pages/support,3450,3000,TLC,True,False,800.0,73,85,92,88,83,GHOUL,78,77,86,90,83,family,family,
Sabrent,Rocket,2000,NVMe SSD,PCIe 3.0 x4,M.2 2280,https://sabrent.com/pages/support,3450,3000,TLC,True,False,1600.0,73,100,92,88,87,ALGHOUL,78,82,98,94,88,family,family,
Sabrent,Rocket,4000,NVMe SSD,PCIe 3.0 x4,M.2 2280,https://sabrent.com/pages/support,3450,3000,TLC,True,False,3200.0,73,100,92,88,87,ALGHOUL,78,82,98,94,88,family,family,
Sabrent,Rocket 4,500,NVMe SSD,PCIe 4.0 x4,M.2 2280,https://sabrent.com/pages/support,5000,4400,TLC,True,False,900.0,80,65,95,100,81,GHOUL,84,75,71,86,80,family,family,
Sabrent,Rocket 4,1000,NVMe SSD,PCIe 4.0 x4,M.2 2280,https://sabrent.com/pages/support,5000,4400,TLC,True,False,1800.0,80,85,95,100,87,ALGHOUL,84,82,87,92,87,family,family,
Sabrent,Rocket 4,2000,NVMe SSD,PCIe 4.0 x4,M.2 2280,https://sabrent.com/pages/support,5000,4400,TLC,True,False,3600.0,80,100,95,100,92,ALGHOUL,84,87,99,96,92,family,family,
Sabrent,Rocket 4 Plus,500,NVMe SSD,PCIe 4.0 x4,M.2 2280,https://sabrent.com/pages/support,7100,6600,TLC,True,False,350.0,88,65,98,88,84,GHOUL,90,80,72,88,84,family,family,
Sabrent,Rocket 4 Plus,1000,NVMe SSD,PCIe 4.0 x4,M.2 2280,https://sabrent.com/pages/support,7100,6600,TLC,True,False,700.0,88,85,98,88,90,ALGHOUL,90,87,88,94,90,family,family,
Sabrent,Rocket 4 Plus,2000,NVMe SSD,PCIe 4.0 x4,M.2 2280,https://sabrent.com/pages/support,7100,6600,TLC,True,False,1400.0,88,100,98,88,94,ALGHOUL,90,92,100,99,95,family,family,
Sabrent,Rocket 4 Plus,4000,NVMe SSD,PCIe 4.0 x4,M.2 2280,https://sabrent.com/pages/support,7100,6600,TLC,True,False,2800.0,88,100,98,88,94,ALGHOUL,90,92,100,99,95,family,family,
Sabrent,Rocket 4 Plus,8000,NVMe SSD,PCIe 4.0 x4,M.2 2280,https://sabrent.com/pages/support,7100,6600,TLC,True,False,5600.0,88,100,98,88,94,ALGHOUL,90,92,100,99,95,family,family,
Sabrent,Rocket 4 Plus Extreme,1000,NVMe SSD,PCIe 4.0 x4,M.2 2280,https://sabrent.com/pages/support,7400,7000,TLC,True,False,700.0,94,85,99,88,92,ALGHOUL,95,91,88,95,93,family,family,
Sabrent,Rocket 4 Plus Extreme,2000,NVMe SSD,PCIe 4.0 x4,M.2 2280,https://sabrent.com/pages/support,7400,7000,TLC,True,False,1400.0,94,100,99,88,96,ALGHOUL,95,96,100,99,98,family,family,
Sabrent,Rocket 4 Plus Extreme,4000,NVMe SSD,PCIe 4.0 x4,M.2 2280,https://sabrent.com/pages/support,7400,7000,TLC,True,False,2800.0,94,100,99,88,96,ALGHOUL,95,96,100,99,98,family,family,
Sabrent,Rocket 4 Plus-G,1000,NVMe SSD,PCIe 4.0 x4,M.2 2280,https://sabrent.com/pages/support,7000,6850,TLC,True,False,700.0,88,85,99,88,90,ALGHOUL,91,87,88,95,91,family,family,
Sabrent,Rocket 4 Plus-G,2000,NVMe SSD,PCIe 4.0 x4,M.2 2280,https://sabrent.com/pages/support,7000,6850,TLC,True,False,1400.0,88,100,99,88,94,ALGHOUL,91,92,100,99,96,family,family,
Sabrent,Rocket 4 Plus-G,4000,NVMe SSD,PCIe 4.0 x4,M.2 2280,https://sabrent.com/pages/support,7000,6850,TLC,True,False,2800.0,88,100,99,88,94,ALGHOUL,91,92,100,99,96,family,family,
Sabrent,Rocket 5,1000,NVMe SSD,PCIe 5.0 x4,M.2 2280,https://sabrent.com/pages/support,14000,12000,TLC,True,False,700.0,100,85,100,88,94,ALGHOUL,100,95,88,96,95,family,family,
Sabrent,Rocket 5,2000,NVMe SSD,PCIe 5.0 x4,M.2 2280,https://sabrent.com/pages/support,14000,12000,TLC,True,False,1400.0,100,100,100,88,99,ALGHOUL,100,100,100,100,100,family,family,
Sabrent,Rocket 5,4000,NVMe SSD,PCIe 5.0 x4,M.2 2280,https://sabrent.com/pages/support,14000,12000,TLC,True,False,2800.0,100,100,100,88,99,ALGHOUL,100,100,100,100,100,family,family,
Sabrent,Rocket Q,500,NVMe SSD,PCIe 3.0 x4,M.2 2280,https://sabrent.com/pages/support,3200,2900,QLC,True,False,100.0,73,65,70,60,69,REVENANT,72,70,66,68,69,family,family,
Sabrent,Rocket Q,1000,NVMe SSD,PCIe 3.0 x4,M.2 2280,https://sabrent.com/pages/support,3200,2900,QLC,True,False,200.0,73,85,70,60,75,GHOUL,72,77,82,74,76,family,family,
Sabrent,Rocket Q,2000,NVMe SSD,PCIe 3.0 x4,M.2 2280,https://sabrent.com/pages/support,3200,2900,QLC,True,False,400.0,73,100,70,60,79,GHOUL,72,82,94,79,81,family,family,
Sabrent,Rocket Q,4000,NVMe SSD,PCIe 3.0 x4,M.2 2280,https://sabrent.com/pages/support,3200,2900,QLC,True,False,800.0,73,100,70,60,79,GHOUL,72,82,94,79,81,family,family,
Sabrent,Rocket Q,8000,NVMe SSD,PCIe 3.0 x4,M.2 2280,https://sabrent.com/pages/support,3200,2900,QLC,True,False,1600.0,73,100,70,60,79,GHOUL,72,82,94,79,81,family,family,
Sabrent,Rocket Q4,1000,NVMe SSD,PCIe 4.0 x4,M.2 2280,https://sabrent.com/pages/support,4900,3500,QLC,False,True,200.0,73,85,72,60,75,GHOUL,73,77,82,76,77,family,family,
Sabrent,Rocket Q4,2000,NVMe SSD,PCIe 4.0 x4,M.2 2280,https://sabrent.com/pages/support,4900,3500,QLC,False,True,400.0,73,100,72,60,80,GHOUL,73,82,94,80,82,family,family,
Sabrent,Rocket Q4,4000,NVMe SSD,PCIe 4.0 x4,M.2 2280,https://sabrent.com/pages/support,4900,3500,QLC,False,True,800.0,73,100,72,60,80,GHOUL,73,82,94,80,82,family,family,
Samsung,9100 PRO,1000,NVMe SSD,PCIe 5.0 x4,M.2 2280,https://semiconductor.samsung.com/consumer-storage/support/documents/,14700,13400,TLC,True,False,600.0,100,85,100,88,94,ALGHOUL,100,95,88,96,95,verified-family,family,
Samsung,9100 PRO,2000,NVMe SSD,PCIe 5.0 x4,M.2 2280,https://semiconductor.samsung.com/consumer-storage/support/documents/,14700,13400,TLC,True,False,1200.0,100,100,100,88,99,ALGHOUL,100,100,100,100,100,verified-family,family,
Samsung,9100 PRO,4000,NVMe SSD,PCIe 5.0 x4,M.2 2280,https://semiconductor.samsung.com/consumer-storage/support/documents/,14700,13400,TLC,True,False,2400.0,100,100,100,88,99,ALGHOUL,100,100,100,100,100,verified-family,family,
Samsung,9100 PRO,8000,NVMe SSD,PCIe 5.0 x4,M.2 2280,https://semiconductor.samsung.com/consumer-storage/support/documents/,14700,13400,TLC,True,False,4800.0,100,100,100,88,99,ALGHOUL,100,100,100,100,100,verified-family,family,
Samsung,950 PRO,256,NVMe SSD,PCIe 3.0 x4,M.2 2280,https://semiconductor.samsung.com/consumer-storage/support/documents/,2500,1500,MLC,True,False,179.2,66,35,92,88,65,REVENANT,72,40,46,75,64,verified-family,family,
Samsung,950 PRO,512,NVMe SSD,PCIe 3.0 x4,M.2 2280,https://semiconductor.samsung.com/consumer-storage/support/documents/,2500,1500,MLC,True,False,358.4,66,65,92,88,74,GHOUL,72,66,70,84,74,verified-family,family,
Samsung,960 EVO,250,NVMe SSD,PCIe 3.0 x4,M.2 2280,https://semiconductor.samsung.com/consumer-storage/support/documents/,3200,1900,TLC,True,False,100.0,73,35,88,75,66,REVENANT,77,45,46,72,65,verified-family,family,
Samsung,960 EVO,500,NVMe SSD,PCIe 3.0 x4,M.2 2280,https://semiconductor.samsung.com/consumer-storage/support/documents/,3200,1900,TLC,True,False,200.0,73,65,88,75,75,GHOUL,77,70,70,81,75,verified-family,family,
Samsung,960 EVO,1000,NVMe SSD,PCIe 3.0 x4,M.2 2280,https://semiconductor.samsung.com/consumer-storage/support/documents/,3200,1900,TLC,True,False,400.0,73,85,88,75,81,GHOUL,77,77,86,87,82,verified-family,family,
Samsung,960 PRO,512,NVMe SSD,PCIe 3.0 x4,M.2 2280,https://semiconductor.samsung.com/consumer-storage/support/documents/,3500,2100,MLC,True,False,614.4,77,65,97,100,81,GHOUL,82,73,71,87,80,verified-family,family,
Samsung,960 PRO,1000,NVMe SSD,PCIe 3.0 x4,M.2 2280,https://semiconductor.samsung.com/consumer-storage/support/documents/,3500,2100,MLC,True,False,1200.0,77,85,97,100,87,ALGHOUL,82,80,87,93,86,verified-family,family,
Samsung,960 PRO,2000,NVMe SSD,PCIe 3.0 x4,M.2 2280,https://semiconductor.samsung.com/consumer-storage/support/documents/,3500,2100,MLC,True,False,2400.0,77,100,97,100,91,ALGHOUL,82,85,99,98,91,verified-family,family,
Samsung,970 EVO,250,NVMe SSD,PCIe 3.0 x4,M.2 2280,https://semiconductor.samsung.com/consumer-storage/support/documents/,3500,2500,TLC,True,False,150.0,77,35,91,88,69,REVENANT,80,47,46,74,68,verified-family,family,
Samsung,970 EVO,500,NVMe SSD,PCIe 3.0 x4,M.2 2280,https://semiconductor.samsung.com/consumer-storage/support/documents/,3500,2500,TLC,True,False,300.0,77,65,91,88,78,GHOUL,80,73,70,83,78,verified-family,family,
Samsung,970 EVO,1000,NVMe SSD,PCIe 3.0 x4,M.2 2280,https://semiconductor.samsung.com/consumer-storage/support/documents/,3500,2500,TLC,True,False,600.0,77,85,91,88,84,GHOUL,80,80,86,89,84,verified-family,family,
Samsung,970 EVO,2000,NVMe SSD,PCIe 3.0 x4,M.2 2280,https://semiconductor.samsung.com/consumer-storage/support/documents/,3500,2500,TLC,True,False,1200.0,77,100,91,88,88,ALGHOUL,80,85,98,94,89,verified-family,family,
Samsung,970 EVO Plus,250,NVMe SSD,PCIe 3.0 x4,M.2 2280,https://semiconductor.samsung.com/consumer-storage/support/documents/,3500,2300,TLC,True,False,150,77,35,94,88,70,GHOUL,81,47,47,76,69,verified,family,
Samsung,970 EVO Plus,500,NVMe SSD,PCIe 3.0 x4,M.2 2280,https://semiconductor.samsung.com/consumer-storage/support/documents/,3500,3200,TLC,True,False,300,77,65,94,88,79,GHOUL,81,73,71,85,79,verified,family,
Samsung,970 EVO Plus,1000,NVMe SSD,PCIe 3.0 x4,M.2 2280,https://semiconductor.samsung.com/consumer-storage/support/documents/,3500,3300,TLC,True,False,600,77,85,94,88,85,ALGHOUL,81,80,87,91,85,verified,family,
Samsung,970 EVO Plus,2000,NVMe SSD,PCIe 3.0 x4,M.2 2280,https://semiconductor.samsung.com/consumer-storage/support/documents/,3500,3300,TLC,True,False,1200,77,100,94,88,89,ALGHOUL,81,85,99,96,90,verified,family,
Samsung,970 PRO,512,NVMe SSD,PCIe 3.0 x4,M.2 2280,https://semiconductor.samsung.com/consumer-storage/support/documents/,3500,2700,MLC,True,False,614.4,77,65,98,100,81,GHOUL,82,73,72,88,80,verified-family,family,
Samsung,970 PRO,1000,NVMe SSD,PCIe 3.0 x4,M.2 2280,https://semiconductor.samsung.com/consumer-storage/support/documents/,3500,2700,MLC,True,False,1200.0,77,85,98,100,87,ALGHOUL,82,80,88,94,87,verified-family,family,
Samsung,980,250,NVMe SSD,PCIe 3.0 x4,M.2 2280,https://semiconductor.samsung.com/consumer-storage/support/documents/,3500,3000,TLC,False,True,150.0,76,35,84,88,67,REVENANT,78,47,45,69,65,verified-family,family,
Samsung,980,500,NVMe SSD,PCIe 3.0 x4,M.2 2280,https://semiconductor.samsung.com/consumer-storage/support/documents/,3500,3000,TLC,False,True,300.0,76,65,84,88,76,GHOUL,78,72,69,78,75,verified-family,family,
Samsung,980,1000,NVMe SSD,PCIe 3.0 x4,M.2 2280,https://semiconductor.samsung.com/consumer-storage/support/documents/,3500,3000,TLC,False,True,600.0,76,85,84,88,82,GHOUL,78,79,85,84,82,verified-family,family,
Samsung,980 PRO,250,NVMe SSD,PCIe 4.0 x4,M.2 2280,https://semiconductor.samsung.com/consumer-storage/support/documents/,7000,5100,TLC,True,False,150.0,88,35,97,88,74,GHOUL,90,54,47,78,73,verified-family,family,
Samsung,980 PRO,500,NVMe SSD,PCIe 4.0 x4,M.2 2280,https://semiconductor.samsung.com/consumer-storage/support/documents/,7000,5100,TLC,True,False,300.0,88,65,97,88,83,GHOUL,90,80,71,87,83,verified-family,family,
Samsung,980 PRO,1000,NVMe SSD,PCIe 4.0 x4,M.2 2280,https://semiconductor.samsung.com/consumer-storage/support/documents/,7000,5100,TLC,True,False,600.0,88,85,97,88,89,ALGHOUL,90,87,87,93,90,verified-family,family,
Samsung,980 PRO,2000,NVMe SSD,PCIe 4.0 x4,M.2 2280,https://semiconductor.samsung.com/consumer-storage/support/documents/,7000,5100,TLC,True,False,1200.0,88,100,97,88,94,ALGHOUL,90,92,99,98,95,verified-family,family,
Samsung,990 EVO,1000,NVMe SSD,PCIe 4.0 x4,M.2 2280,https://semiconductor.samsung.com/consumer-storage/support/documents/,5000,4200,TLC,False,True,600.0,79,85,87,88,84,GHOUL,81,81,85,86,84,verified-family,family,
Samsung,990 EVO,2000,NVMe SSD,PCIe 4.0 x4,M.2 2280,https://semiconductor.samsung.com/consumer-storage/support/documents/,5000,4200,TLC,False,True,1200.0,79,100,87,88,88,ALGHOUL,81,86,97,91,89,verified-family,family,
Samsung,990 EVO Plus,1000,NVMe SSD,PCIe 4.0 x4,M.2 2280,https://semiconductor.samsung.com/consumer-storage/support/documents/,7250,6300,TLC,False,True,600.0,87,85,91,88,88,ALGHOUL,88,86,86,89,88,verified-family,family,
Samsung,990 EVO Plus,2000,NVMe SSD,PCIe 4.0 x4,M.2 2280,https://semiconductor.samsung.com/consumer-storage/support/documents/,7250,6300,TLC,False,True,1200.0,87,100,91,88,92,ALGHOUL,88,92,98,94,93,verified-family,family,
Samsung,990 EVO Plus,4000,NVMe SSD,PCIe 4.0 x4,M.2 2280,https://semiconductor.samsung.com/consumer-storage/support/documents/,7250,6300,TLC,False,True,2400.0,87,100,91,88,92,ALGHOUL,88,92,98,94,93,verified-family,family,
Samsung,990 PRO,1000,NVMe SSD,PCIe 4.0 x4,M.2 2280,https://semiconductor.samsung.com/consumer-storage/support/documents/,7450,6900,TLC,True,False,600.0,94,85,99,88,92,ALGHOUL,95,91,88,95,93,verified-family,family,
Samsung,990 PRO,2000,NVMe SSD,PCIe 4.0 x4,M.2 2280,https://semiconductor.samsung.com/consumer-storage/support/documents/,7450,6900,TLC,True,False,1200.0,94,100,99,88,96,ALGHOUL,95,96,100,99,98,verified-family,family,
Samsung,990 PRO,4000,NVMe SSD,PCIe 4.0 x4,M.2 2280,https://semiconductor.samsung.com/consumer-storage/support/documents/,7450,6900,TLC,True,False,2400.0,94,100,99,88,96,ALGHOUL,95,96,100,99,98,verified-family,family,
Seagate,BarraCuda 510,250,NVMe SSD,PCIe 3.0 x4,M.2 2280,https://www.seagate.com/support/,3400,3000,TLC,True,False,150.0,73,35,86,88,66,REVENANT,76,45,45,71,65,family,family,
Seagate,BarraCuda 510,500,NVMe SSD,PCIe 3.0 x4,M.2 2280,https://www.seagate.com/support/,3400,3000,TLC,True,False,300.0,73,65,86,88,75,GHOUL,76,70,69,80,75,family,family,
Seagate,BarraCuda 510,1000,NVMe SSD,PCIe 3.0 x4,M.2 2280,https://www.seagate.com/support/,3400,3000,TLC,True,False,600.0,73,85,86,88,81,GHOUL,76,77,85,86,81,family,family,
Seagate,BarraCuda 515,500,NVMe SSD,PCIe 3.0 x4,M.2 2280,https://www.seagate.com/support/,3400,3000,TLC,False,True,300.0,72,65,78,88,73,GHOUL,74,70,68,74,72,family,family,
Seagate,BarraCuda 515,1000,NVMe SSD,PCIe 3.0 x4,M.2 2280,https://www.seagate.com/support/,3400,3000,TLC,False,True,600.0,72,85,78,88,79,GHOUL,74,77,84,80,78,family,family,
Seagate,BarraCuda 515,2000,NVMe SSD,PCIe 3.0 x4,M.2 2280,https://www.seagate.com/support/,3400,3000,TLC,False,True,1200.0,72,100,78,88,84,GHOUL,74,82,96,85,83,family,family,
Seagate,BarraCuda Q5,500,NVMe SSD,PCIe 3.0 x4,M.2 2280,https://www.seagate.com/support/,2400,1800,QLC,False,True,100.0,59,65,58,60,61,REVENANT,59,61,64,60,61,family,family,
Seagate,BarraCuda Q5,1000,NVMe SSD,PCIe 3.0 x4,M.2 2280,https://www.seagate.com/support/,2400,1800,QLC,False,True,200.0,59,85,58,60,67,REVENANT,59,68,80,66,67,family,family,
Seagate,BarraCuda Q5,2000,NVMe SSD,PCIe 3.0 x4,M.2 2280,https://www.seagate.com/support/,2400,1800,QLC,False,True,400.0,59,100,58,60,71,GHOUL,59,73,92,71,72,family,family,
Seagate,FireCuda 510,500,NVMe SSD,PCIe 3.0 x4,M.2 2280,https://www.seagate.com/support/,3450,3200,TLC,True,False,650.0,73,65,93,100,78,GHOUL,78,70,71,85,77,family,family,
Seagate,FireCuda 510,1000,NVMe SSD,PCIe 3.0 x4,M.2 2280,https://www.seagate.com/support/,3450,3200,TLC,True,False,1300.0,73,85,93,100,84,GHOUL,78,77,87,91,84,family,family,
Seagate,FireCuda 510,2000,NVMe SSD,PCIe 3.0 x4,M.2 2280,https://www.seagate.com/support/,3450,3200,TLC,True,False,2600.0,73,100,93,100,89,ALGHOUL,78,82,99,95,89,family,family,
Seagate,FireCuda 520,500,NVMe SSD,PCIe 4.0 x4,M.2 2280,https://www.seagate.com/support/,5000,4400,TLC,True,False,900.0,80,65,95,100,81,GHOUL,84,75,71,86,80,family,family,
Seagate,FireCuda 520,1000,NVMe SSD,PCIe 4.0 x4,M.2 2280,https://www.seagate.com/support/,5000,4400,TLC,True,False,1800.0,80,85,95,100,87,ALGHOUL,84,82,87,92,87,family,family,
Seagate,FireCuda 520,2000,NVMe SSD,PCIe 4.0 x4,M.2 2280,https://www.seagate.com/support/,5000,4400,TLC,True,False,3600.0,80,100,95,100,92,ALGHOUL,84,87,99,96,92,family,family,
Seagate,FireCuda 530,500,NVMe SSD,PCIe 4.0 x4,M.2 2280,https://www.seagate.com/support/,7300,6900,TLC,True,False,1275.0,94,65,99,100,87,ALGHOUL,95,84,72,89,86,family,family,
Seagate,FireCuda 530,1000,NVMe SSD,PCIe 4.0 x4,M.2 2280,https://www.seagate.com/support/,7300,6900,TLC,True,False,2550.0,94,85,99,100,93,ALGHOUL,95,91,88,95,93,family,family,
Seagate,FireCuda 530,2000,NVMe SSD,PCIe 4.0 x4,M.2 2280,https://www.seagate.com/support/,7300,6900,TLC,True,False,5100.0,94,100,99,100,98,ALGHOUL,95,96,100,99,98,family,family,
Seagate,FireCuda 530,4000,NVMe SSD,PCIe 4.0 x4,M.2 2280,https://www.seagate.com/support/,7300,6900,TLC,True,False,10200.0,94,100,99,100,98,ALGHOUL,95,96,100,99,98,family,family,
Seagate,FireCuda 540,1000,NVMe SSD,PCIe 5.0 x4,M.2 2280,https://www.seagate.com/support/,10000,10000,TLC,True,False,1000.0,96,85,99,100,94,ALGHOUL,97,92,88,95,93,family,family,
Seagate,FireCuda 540,2000,NVMe SSD,PCIe 5.0 x4,M.2 2280,https://www.seagate.com/support/,10000,10000,TLC,True,False,2000.0,96,100,99,100,98,ALGHOUL,97,97,100,99,98,family,family,
Seagate,FireCuda 540,4000,NVMe SSD,PCIe 5.0 x4,M.2 2280,https://www.seagate.com/support/,10000,10000,TLC,True,False,4000.0,96,100,99,100,98,ALGHOUL,97,97,100,99,98,family,family,
Silicon Power,P32A80,256,NVMe SSD,PCIe 3.0 x2,M.2 2280,https://www.silicon-power.com/web/download-TBW,1600,1000,TLC,False,True,128.0,59,35,70,75,56,REVENANT,62,36,42,60,55,family,family,
Silicon Power,P32A80,512,NVMe SSD,PCIe 3.0 x2,M.2 2280,https://www.silicon-power.com/web/download-TBW,1600,1000,TLC,False,True,256.0,59,65,70,75,65,REVENANT,62,61,66,68,65,family,family,
Silicon Power,P32A80,1000,NVMe SSD,PCIe 3.0 x2,M.2 2280,https://www.silicon-power.com/web/download-TBW,1600,1000,TLC,False,True,500.0,59,85,70,75,71,GHOUL,62,68,82,74,71,family,family,
Silicon Power,P34A60,128,NVMe SSD,PCIe 3.0 x4,M.2 2280,https://www.silicon-power.com/web/download-TBW,2200,1600,TLC,False,True,76.8,59,15,72,88,52,SCRAPWRAITH,37,29,26,55,49,family,family,
Silicon Power,P34A60,256,NVMe SSD,PCIe 3.0 x4,M.2 2280,https://www.silicon-power.com/web/download-TBW,2200,1600,TLC,False,True,153.6,59,35,72,88,58,REVENANT,62,36,42,61,55,family,family,
Silicon Power,P34A60,512,NVMe SSD,PCIe 3.0 x4,M.2 2280,https://www.silicon-power.com/web/download-TBW,2200,1600,TLC,False,True,307.2,59,65,72,88,67,REVENANT,62,61,66,70,65,family,family,
Silicon Power,P34A60,1000,NVMe SSD,PCIe 3.0 x4,M.2 2280,https://www.silicon-power.com/web/download-TBW,2200,1600,TLC,False,True,600.0,59,85,72,88,73,GHOUL,62,68,82,76,72,family,family,
Silicon Power,P34A60,2000,NVMe SSD,PCIe 3.0 x4,M.2 2280,https://www.silicon-power.com/web/download-TBW,2200,1600,TLC,False,True,1200.0,59,100,72,88,77,GHOUL,62,73,94,80,77,family,family,
Silicon Power,P34A80,256,NVMe SSD,PCIe 3.0 x4,M.2 2280,https://www.silicon-power.com/web/download-TBW,3400,3000,TLC,True,False,204.8,73,35,92,88,68,REVENANT,78,45,46,75,67,verified-family,family,
Silicon Power,P34A80,512,NVMe SSD,PCIe 3.0 x4,M.2 2280,https://www.silicon-power.com/web/download-TBW,3400,3000,TLC,True,False,409.6,73,65,92,88,77,GHOUL,78,70,70,84,77,verified-family,family,
Silicon Power,P34A80,1000,NVMe SSD,PCIe 3.0 x4,M.2 2280,https://www.silicon-power.com/web/download-TBW,3400,3000,TLC,True,False,800.0,73,85,92,88,83,GHOUL,78,77,86,90,83,verified-family,family,
Silicon Power,P34A80,2000,NVMe SSD,PCIe 3.0 x4,M.2 2280,https://www.silicon-power.com/web/download-TBW,3400,3000,TLC,True,False,1600.0,73,100,92,88,87,ALGHOUL,78,82,98,94,88,verified-family,family,
Silicon Power,UD70,500,NVMe SSD,PCIe 3.0 x4,M.2 2280,https://www.silicon-power.com/web/download-TBW,3400,3000,QLC,False,True,130.0,72,65,62,60,66,REVENANT,70,70,64,63,66,family,family,
Silicon Power,UD70,1000,NVMe SSD,PCIe 3.0 x4,M.2 2280,https://www.silicon-power.com/web/download-TBW,3400,3000,QLC,False,True,260.0,72,85,62,60,72,GHOUL,70,77,80,69,73,family,family,
Silicon Power,UD70,2000,NVMe SSD,PCIe 3.0 x4,M.2 2280,https://www.silicon-power.com/web/download-TBW,3400,3000,QLC,False,True,520.0,72,100,62,60,77,GHOUL,70,82,92,73,78,family,family,
Silicon Power,UD80,250,NVMe SSD,PCIe 3.0 x4,M.2 2280,https://www.silicon-power.com/web/download-TBW,3400,3000,TLC,False,True,150.0,72,35,78,88,64,REVENANT,74,44,44,65,62,family,family,
Silicon Power,UD80,500,NVMe SSD,PCIe 3.0 x4,M.2 2280,https://www.silicon-power.com/web/download-TBW,3400,3000,TLC,False,True,300.0,72,65,78,88,73,GHOUL,74,70,68,74,72,family,family,
Silicon Power,UD80,1000,NVMe SSD,PCIe 3.0 x4,M.2 2280,https://www.silicon-power.com/web/download-TBW,3400,3000,TLC,False,True,600.0,72,85,78,88,79,GHOUL,74,77,84,80,78,family,family,
Silicon Power,UD80,2000,NVMe SSD,PCIe 3.0 x4,M.2 2280,https://www.silicon-power.com/web/download-TBW,3400,3000,TLC,False,True,1200.0,72,100,78,88,84,GHOUL,74,82,96,85,83,family,family,
Silicon Power,UD85,250,NVMe SSD,PCIe 4.0 x4,M.2 2280,https://www.silicon-power.com/web/download-TBW,3600,2800,TLC,False,True,140.0,73,35,78,75,63,REVENANT,74,45,44,65,62,family,family,
Silicon Power,UD85,500,NVMe SSD,PCIe 4.0 x4,M.2 2280,https://www.silicon-power.com/web/download-TBW,3600,2800,TLC,False,True,280.0,73,65,78,75,72,GHOUL,74,70,68,74,72,family,family,
Silicon Power,UD85,1000,NVMe SSD,PCIe 4.0 x4,M.2 2280,https://www.silicon-power.com/web/download-TBW,3600,2800,TLC,False,True,560.0,73,85,78,75,78,GHOUL,74,77,84,80,79,family,family,
Silicon Power,UD85,2000,NVMe SSD,PCIe 4.0 x4,M.2 2280,https://www.silicon-power.com/web/download-TBW,3600,2800,TLC,False,True,1120.0,73,100,78,75,83,GHOUL,74,82,96,85,84,family,family,
Silicon Power,UD85,4000,NVMe SSD,PCIe 4.0 x4,M.2 2280,https://www.silicon-power.com/web/download-TBW,3600,2800,TLC,False,True,2240.0,73,100,78,75,83,GHOUL,74,82,96,85,84,family,family,
Silicon Power,UD90,250,NVMe SSD,PCIe 4.0 x4,M.2 2280,https://www.silicon-power.com/web/download-TBW,5000,4800,TLC,False,True,150.0,79,35,84,88,68,REVENANT,80,49,45,69,66,verified-family,family,
Silicon Power,UD90,500,NVMe SSD,PCIe 4.0 x4,M.2 2280,https://www.silicon-power.com/web/download-TBW,5000,4800,TLC,False,True,300.0,79,65,84,88,77,GHOUL,80,74,69,78,76,verified-family,family,
Silicon Power,UD90,1000,NVMe SSD,PCIe 4.0 x4,M.2 2280,https://www.silicon-power.com/web/download-TBW,5000,4800,TLC,False,True,600.0,79,85,84,88,83,GHOUL,80,81,85,84,83,verified-family,family,
Silicon Power,UD90,2000,NVMe SSD,PCIe 4.0 x4,M.2 2280,https://www.silicon-power.com/web/download-TBW,5000,4800,TLC,False,True,1200.0,79,100,84,88,87,ALGHOUL,80,86,97,89,88,verified-family,family,
Silicon Power,UD90,4000,NVMe SSD,PCIe 4.0 x4,M.2 2280,https://www.silicon-power.com/web/download-TBW,5000,4800,TLC,False,True,2400.0,79,100,84,88,87,ALGHOUL,80,86,97,89,88,verified-family,family,
Silicon Power,US70,1000,NVMe SSD,PCIe 4.0 x4,M.2 2280,https://www.silicon-power.com/web/download-TBW,5000,4400,TLC,True,False,1800.0,80,85,96,100,88,ALGHOUL,84,82,87,93,87,family,family,
Silicon Power,US70,2000,NVMe SSD,PCIe 4.0 x4,M.2 2280,https://www.silicon-power.com/web/download-TBW,5000,4400,TLC,True,False,3600.0,80,100,96,100,92,ALGHOUL,84,87,99,97,92,family,family,
Silicon Power,US75,500,NVMe SSD,PCIe 4.0 x4,M.2 2280,https://www.silicon-power.com/web/download-TBW,7000,6500,TLC,False,True,300.0,87,65,91,88,82,GHOUL,88,79,70,83,81,family,family,
Silicon Power,US75,1000,NVMe SSD,PCIe 4.0 x4,M.2 2280,https://www.silicon-power.com/web/download-TBW,7000,6500,TLC,False,True,600.0,87,85,91,88,88,ALGHOUL,88,86,86,89,88,family,family,
Silicon Power,US75,2000,NVMe SSD,PCIe 4.0 x4,M.2 2280,https://www.silicon-power.com/web/download-TBW,7000,6500,TLC,False,True,1200.0,87,100,91,88,92,ALGHOUL,88,92,98,94,93,family,family,
Silicon Power,US75,4000,NVMe SSD,PCIe 4.0 x4,M.2 2280,https://www.silicon-power.com/web/download-TBW,7000,6500,TLC,False,True,2400.0,87,100,91,88,92,ALGHOUL,88,92,98,94,93,family,family,
Silicon Power,XS70,1000,NVMe SSD,PCIe 4.0 x4,M.2 2280,https://www.silicon-power.com/web/download-TBW,7300,6800,TLC,True,False,700.0,94,85,98,88,92,ALGHOUL,95,91,88,94,92,verified-family,family,
Silicon Power,XS70,2000,NVMe SSD,PCIe 4.0 x4,M.2 2280,https://www.silicon-power.com/web/download-TBW,7300,6800,TLC,True,False,1400.0,94,100,98,88,96,ALGHOUL,95,96,100,99,97,verified-family,family,
Silicon Power,XS70,4000,NVMe SSD,PCIe 4.0 x4,M.2 2280,https://www.silicon-power.com/web/download-TBW,7300,6800,TLC,True,False,2800.0,94,100,98,88,96,ALGHOUL,95,96,100,99,97,verified-family,family,
Silicon Power,XS70,8000,NVMe SSD,PCIe 4.0 x4,M.2 2280,https://www.silicon-power.com/web/download-TBW,7300,6800,TLC,True,False,5600.0,94,100,98,88,96,ALGHOUL,95,96,100,99,97,verified-family,family,
Solidigm,P41 Plus,512,NVMe SSD,PCIe 4.0 x4,M.2 2280,https://www.solidigm.com/,4125,3325,QLC,False,True,204.8,73,65,68,75,70,GHOUL,72,70,66,67,69,family,family,
Solidigm,P41 Plus,1024,NVMe SSD,PCIe 4.0 x4,M.2 2280,https://www.solidigm.com/,4125,3325,QLC,False,True,409.6,73,85,68,75,76,GHOUL,72,77,82,73,75,family,family,
Solidigm,P41 Plus,2048,NVMe SSD,PCIe 4.0 x4,M.2 2280,https://www.solidigm.com/,4125,3325,QLC,False,True,819.2,73,100,68,75,80,GHOUL,72,82,94,78,80,family,family,
Solidigm,P41 Plus,4096,NVMe SSD,PCIe 4.0 x4,M.2 2280,https://www.solidigm.com/,4125,3325,QLC,False,True,1638.4,73,100,68,75,80,GHOUL,72,82,94,78,80,family,family,
Solidigm,P44 Pro,512,NVMe SSD,PCIe 4.0 x4,M.2 2280,https://www.solidigm.com/,7000,6500,TLC,True,False,384.0,88,65,98,88,84,GHOUL,90,80,72,88,84,family,family,
Solidigm,P44 Pro,1024,NVMe SSD,PCIe 4.0 x4,M.2 2280,https://www.solidigm.com/,7000,6500,TLC,True,False,768.0,88,85,98,88,90,ALGHOUL,90,87,88,94,90,family,family,
Solidigm,P44 Pro,2048,NVMe SSD,PCIe 4.0 x4,M.2 2280,https://www.solidigm.com/,7000,6500,TLC,True,False,1536.0,88,100,98,88,94,ALGHOUL,90,92,100,99,95,family,family,
TeamGroup,MP32,128,NVMe SSD,PCIe 3.0 x2,M.2 2280,https://www.teamgroupinc.com/en/support/,1600,1000,TLC,False,True,44.8,59,15,66,60,48,SCRAPWRAITH,36,29,25,51,47,family,family,
TeamGroup,MP32,256,NVMe SSD,PCIe 3.0 x2,M.2 2280,https://www.teamgroupinc.com/en/support/,1600,1000,TLC,False,True,89.6,59,35,66,60,54,SCRAPWRAITH,61,36,41,57,53,family,family,
TeamGroup,MP32,512,NVMe SSD,PCIe 3.0 x2,M.2 2280,https://www.teamgroupinc.com/en/support/,1600,1000,TLC,False,True,179.2,59,65,66,60,63,REVENANT,61,61,65,66,63,family,family,
TeamGroup,MP33,128,NVMe SSD,PCIe 3.0 x4,M.2 2280,https://www.teamgroupinc.com/en/support/,1800,1500,TLC,False,True,51.2,59,15,68,75,50,SCRAPWRAITH,36,29,26,52,47,family,family,
TeamGroup,MP33,256,NVMe SSD,PCIe 3.0 x4,M.2 2280,https://www.teamgroupinc.com/en/support/,1800,1500,TLC,False,True,102.4,59,35,68,75,56,REVENANT,61,36,42,58,54,family,family,
TeamGroup,MP33,512,NVMe SSD,PCIe 3.0 x4,M.2 2280,https://www.teamgroupinc.com/en/support/,1800,1500,TLC,False,True,204.8,59,65,68,75,65,REVENANT,61,61,66,67,64,family,family,
TeamGroup,MP33,1000,NVMe SSD,PCIe 3.0 x4,M.2 2280,https://www.teamgroupinc.com/en/support/,1800,1500,TLC,False,True,400.0,59,85,68,75,71,GHOUL,61,68,82,73,71,family,family,
TeamGroup,MP33,2000,NVMe SSD,PCIe 3.0 x4,M.2 2280,https://www.teamgroupinc.com/en/support/,1800,1500,TLC,False,True,800.0,59,100,68,75,75,GHOUL,61,73,94,78,76,family,family,
TeamGroup,MP33 PRO,512,NVMe SSD,PCIe 3.0 x4,M.2 2280,https://www.teamgroupinc.com/en/support/,2400,2100,TLC,False,True,256.0,59,65,73,75,66,REVENANT,62,61,67,71,66,family,family,
TeamGroup,MP33 PRO,1000,NVMe SSD,PCIe 3.0 x4,M.2 2280,https://www.teamgroupinc.com/en/support/,2400,2100,TLC,False,True,500.0,59,85,73,75,72,GHOUL,62,68,83,77,72,family,family,
TeamGroup,MP33 PRO,2000,NVMe SSD,PCIe 3.0 x4,M.2 2280,https://www.teamgroupinc.com/en/support/,2400,2100,TLC,False,True,1000.0,59,100,73,75,76,GHOUL,62,73,95,81,77,family,family,
TeamGroup,MP33Q,512,NVMe SSD,PCIe 3.0 x4,M.2 2280,https://www.teamgroupinc.com/en/support/,1800,1500,QLC,False,True,102.4,59,65,58,60,61,REVENANT,59,61,64,60,61,family,family,
TeamGroup,MP33Q,1000,NVMe SSD,PCIe 3.0 x4,M.2 2280,https://www.teamgroupinc.com/en/support/,1800,1500,QLC,False,True,200.0,59,85,58,60,67,REVENANT,59,68,80,66,67,family,family,
TeamGroup,MP33Q,2000,NVMe SSD,PCIe 3.0 x4,M.2 2280,https://www.teamgroupinc.com/en/support/,1800,1500,QLC,False,True,400.0,59,100,58,60,71,GHOUL,59,73,92,71,72,family,family,
TeamGroup,MP34,256,NVMe SSD,PCIe 3.0 x4,M.2 2280,https://www.teamgroupinc.com/en/support/,3500,2900,TLC,True,False,204.8,77,35,90,88,69,REVENANT,80,47,46,74,67,family,family,
TeamGroup,MP34,512,NVMe SSD,PCIe 3.0 x4,M.2 2280,https://www.teamgroupinc.com/en/support/,3500,2900,TLC,True,False,409.6,77,65,90,88,78,GHOUL,80,73,70,82,77,family,family,
TeamGroup,MP34,1000,NVMe SSD,PCIe 3.0 x4,M.2 2280,https://www.teamgroupinc.com/en/support/,3500,2900,TLC,True,False,800.0,77,85,90,88,84,GHOUL,80,80,86,88,84,family,family,
TeamGroup,MP34,2000,NVMe SSD,PCIe 3.0 x4,M.2 2280,https://www.teamgroupinc.com/en/support/,3500,2900,TLC,True,False,1600.0,77,100,90,88,88,ALGHOUL,80,85,98,93,89,family,family,
TeamGroup,MP34,4000,NVMe SSD,PCIe 3.0 x4,M.2 2280,https://www.teamgroupinc.com/en/support/,3500,2900,TLC,True,False,3200.0,77,100,90,88,88,ALGHOUL,80,85,98,93,89,family,family,
TeamGroup,MP34Q,512,NVMe SSD,PCIe 3.0 x4,M.2 2280,https://www.teamgroupinc.com/en/support/,3400,3000,QLC,False,True,102.4,72,65,64,60,67,REVENANT,70,70,65,64,67,family,family,
TeamGroup,MP34Q,1000,NVMe SSD,PCIe 3.0 x4,M.2 2280,https://www.teamgroupinc.com/en/support/,3400,3000,QLC,False,True,200.0,72,85,64,60,73,GHOUL,70,77,81,70,74,family,family,
TeamGroup,MP34Q,2000,NVMe SSD,PCIe 3.0 x4,M.2 2280,https://www.teamgroupinc.com/en/support/,3400,3000,QLC,False,True,400.0,72,100,64,60,77,GHOUL,70,82,93,75,79,family,family,
TeamGroup,MP34Q,4000,NVMe SSD,PCIe 3.0 x4,M.2 2280,https://www.teamgroupinc.com/en/support/,3400,3000,QLC,False,True,800.0,72,100,64,60,77,GHOUL,70,82,93,75,79,family,family,
TeamGroup,MP44,512,NVMe SSD,PCIe 4.0 x4,M.2 2280,https://www.teamgroupinc.com/en/support/,7400,7000,TLC,False,True,358.4,93,65,92,88,84,GHOUL,93,83,70,84,83,family,family,
TeamGroup,MP44,1000,NVMe SSD,PCIe 4.0 x4,M.2 2280,https://www.teamgroupinc.com/en/support/,7400,7000,TLC,False,True,700.0,93,85,92,88,90,ALGHOUL,93,90,86,90,90,family,family,
TeamGroup,MP44,2000,NVMe SSD,PCIe 4.0 x4,M.2 2280,https://www.teamgroupinc.com/en/support/,7400,7000,TLC,False,True,1400.0,93,100,92,88,94,ALGHOUL,93,95,98,94,95,family,family,
TeamGroup,MP44,4000,NVMe SSD,PCIe 4.0 x4,M.2 2280,https://www.teamgroupinc.com/en/support/,7400,7000,TLC,False,True,2800.0,93,100,92,88,94,ALGHOUL,93,95,98,94,95,family,family,
TeamGroup,MP44,8000,NVMe SSD,PCIe 4.0 x4,M.2 2280,https://www.teamgroupinc.com/en/support/,7400,7000,TLC,False,True,5600.0,93,100,92,88,94,ALGHOUL,93,95,98,94,95,family,family,
TeamGroup,MP44L,250,NVMe SSD,PCIe 4.0 x4,M.2 2280,https://www.teamgroupinc.com/en/support/,5000,4500,TLC,False,True,150.0,79,35,82,88,67,REVENANT,80,49,44,68,65,family,family,
TeamGroup,MP44L,500,NVMe SSD,PCIe 4.0 x4,M.2 2280,https://www.teamgroupinc.com/en/support/,5000,4500,TLC,False,True,300.0,79,65,82,88,76,GHOUL,80,74,68,77,75,family,family,
TeamGroup,MP44L,1000,NVMe SSD,PCIe 4.0 x4,M.2 2280,https://www.teamgroupinc.com/en/support/,5000,4500,TLC,False,True,600.0,79,85,82,88,82,GHOUL,80,81,84,83,82,family,family,
TeamGroup,MP44L,2000,NVMe SSD,PCIe 4.0 x4,M.2 2280,https://www.teamgroupinc.com/en/support/,5000,4500,TLC,False,True,1200.0,79,100,82,88,87,ALGHOUL,80,86,96,87,87,family,family,
TeamGroup,MP44Q,1000,NVMe SSD,PCIe 4.0 x4,M.2 2280,https://www.teamgroupinc.com/en/support/,7400,6500,QLC,False,True,400.0,93,85,76,75,85,ALGHOUL,89,90,83,79,85,family,family,
TeamGroup,MP44Q,2000,NVMe SSD,PCIe 4.0 x4,M.2 2280,https://www.teamgroupinc.com/en/support/,7400,6500,QLC,False,True,800.0,93,100,76,75,89,ALGHOUL,89,95,95,83,90,family,family,
TeamGroup,MP44Q,4000,NVMe SSD,PCIe 4.0 x4,M.2 2280,https://www.teamgroupinc.com/en/support/,7400,6500,QLC,False,True,1600.0,93,100,76,75,89,ALGHOUL,89,95,95,83,90,family,family,
TeamGroup,MP44S,1000,NVMe SSD,PCIe 4.0 x4,M.2 2280,https://www.teamgroupinc.com/en/support/,5000,3500,TLC,False,True,500.0,79,85,80,75,81,GHOUL,79,81,84,82,81,family,family,
TeamGroup,MP44S,2000,NVMe SSD,PCIe 4.0 x4,M.2 2280,https://www.teamgroupinc.com/en/support/,5000,3500,TLC,False,True,1000.0,79,100,80,75,85,ALGHOUL,79,86,96,86,86,family,family,
TeamGroup,T-Force Cardea A440,1000,NVMe SSD,PCIe 4.0 x4,M.2 2280,https://www.teamgroupinc.com/en/support/,7000,6900,TLC,True,False,700.0,88,85,98,88,90,ALGHOUL,90,87,88,94,90,family,family,
TeamGroup,T-Force Cardea A440,2000,NVMe SSD,PCIe 4.0 x4,M.2 2280,https://www.teamgroupinc.com/en/support/,7000,6900,TLC,True,False,1400.0,88,100,98,88,94,ALGHOUL,90,92,100,99,95,family,family,
TeamGroup,T-Force Cardea A440 Lite,1000,NVMe SSD,PCIe 4.0 x4,M.2 2280,https://www.teamgroupinc.com/en/support/,7400,6400,TLC,False,True,600.0,93,85,90,88,89,ALGHOUL,92,90,86,88,89,family,family,
TeamGroup,T-Force Cardea A440 Lite,2000,NVMe SSD,PCIe 4.0 x4,M.2 2280,https://www.teamgroupinc.com/en/support/,7400,6400,TLC,False,True,1200.0,93,100,90,88,94,ALGHOUL,92,95,98,93,94,family,family,
TeamGroup,T-Force Cardea A440 Lite,4000,NVMe SSD,PCIe 4.0 x4,M.2 2280,https://www.teamgroupinc.com/en/support/,7400,6400,TLC,False,True,2400.0,93,100,90,88,94,ALGHOUL,92,95,98,93,94,family,family,
TeamGroup,T-Force Cardea A440 PRO,1000,NVMe SSD,PCIe 4.0 x4,M.2 2280,https://www.teamgroupinc.com/en/support/,7400,7000,TLC,True,False,700.0,94,85,99,88,92,ALGHOUL,95,91,88,95,93,family,family,
TeamGroup,T-Force Cardea A440 PRO,2000,NVMe SSD,PCIe 4.0 x4,M.2 2280,https://www.teamgroupinc.com/en/support/,7400,7000,TLC,True,False,1400.0,94,100,99,88,96,ALGHOUL,95,96,100,99,98,family,family,
TeamGroup,T-Force Cardea A440 PRO,4000,NVMe SSD,PCIe 4.0 x4,M.2 2280,https://www.teamgroupinc.com/en/support/,7400,7000,TLC,True,False,2800.0,94,100,99,88,96,ALGHOUL,95,96,100,99,98,family,family,
TeamGroup,T-Force Cardea Z330,512,NVMe SSD,PCIe 3.0 x4,M.2 2280,https://www.teamgroupinc.com/en/support/,2100,1700,TLC,False,True,307.2,59,65,72,88,67,REVENANT,62,61,66,70,65,family,family,
TeamGroup,T-Force Cardea Z330,1000,NVMe SSD,PCIe 3.0 x4,M.2 2280,https://www.teamgroupinc.com/en/support/,2100,1700,TLC,False,True,600.0,59,85,72,88,73,GHOUL,62,68,82,76,72,family,family,
TeamGroup,T-Force Cardea Z330,2000,NVMe SSD,PCIe 3.0 x4,M.2 2280,https://www.teamgroupinc.com/en/support/,2100,1700,TLC,False,True,1200.0,59,100,72,88,77,GHOUL,62,73,94,80,77,family,family,
TeamGroup,T-Force Cardea Z340,512,NVMe SSD,PCIe 3.0 x4,M.2 2280,https://www.teamgroupinc.com/en/support/,3400,2000,TLC,True,False,307.2,73,65,86,88,75,GHOUL,76,70,69,80,75,family,family,
TeamGroup,T-Force Cardea Z340,1000,NVMe SSD,PCIe 3.0 x4,M.2 2280,https://www.teamgroupinc.com/en/support/,3400,2000,TLC,True,False,600.0,73,85,86,88,81,GHOUL,76,77,85,86,81,family,family,
TeamGroup,T-Force Cardea Z44L,500,NVMe SSD,PCIe 4.0 x4,M.2 2280,https://www.teamgroupinc.com/en/support/,3300,3000,TLC,False,True,300.0,73,65,77,88,73,GHOUL,74,70,67,73,72,family,family,
TeamGroup,T-Force Cardea Z44L,1000,NVMe SSD,PCIe 4.0 x4,M.2 2280,https://www.teamgroupinc.com/en/support/,3300,3000,TLC,False,True,600.0,73,85,77,88,79,GHOUL,74,77,83,79,78,family,family,
TeamGroup,T-Force Cardea Z44Q,2000,NVMe SSD,PCIe 4.0 x4,M.2 2280,https://www.teamgroupinc.com/en/support/,5000,4000,QLC,False,True,800.0,79,100,72,75,83,GHOUL,77,86,94,80,84,family,family,
TeamGroup,T-Force Cardea Z44Q,4000,NVMe SSD,PCIe 4.0 x4,M.2 2280,https://www.teamgroupinc.com/en/support/,5000,4000,QLC,False,True,1600.0,79,100,72,75,83,GHOUL,77,86,94,80,84,family,family,
TeamGroup,T-Force Cardea Z540,1000,NVMe SSD,PCIe 5.0 x4,M.2 2280,https://www.teamgroupinc.com/en/support/,12400,11800,TLC,True,False,700.0,100,85,99,88,94,ALGHOUL,100,95,88,95,95,family,family,
TeamGroup,T-Force Cardea Z540,2000,NVMe SSD,PCIe 5.0 x4,M.2 2280,https://www.teamgroupinc.com/en/support/,12400,11800,TLC,True,False,1400.0,100,100,99,88,99,ALGHOUL,100,100,100,99,100,family,family,
TeamGroup,T-Force Cardea Zero Z440,1000,NVMe SSD,PCIe 4.0 x4,M.2 2280,https://www.teamgroupinc.com/en/support/,5000,4400,TLC,True,False,1800.0,80,85,94,100,87,ALGHOUL,84,82,87,91,86,family,family,
TeamGroup,T-Force Cardea Zero Z440,2000,NVMe SSD,PCIe 4.0 x4,M.2 2280,https://www.teamgroupinc.com/en/support/,5000,4400,TLC,True,False,3600.0,80,100,94,100,92,ALGHOUL,84,87,99,96,91,family,family,
Transcend,MTE110Q,500,NVMe SSD,PCIe 3.0 x4,M.2 2280,https://transcend-info.com/support/software/ssd-scope,2000,1500,QLC,False,True,100.0,59,65,56,60,60,REVENANT,58,61,63,59,60,family,family,
Transcend,MTE110Q,1000,NVMe SSD,PCIe 3.0 x4,M.2 2280,https://transcend-info.com/support/software/ssd-scope,2000,1500,QLC,False,True,200.0,59,85,56,60,66,REVENANT,58,68,79,65,67,family,family,
Transcend,MTE110Q,2000,NVMe SSD,PCIe 3.0 x4,M.2 2280,https://transcend-info.com/support/software/ssd-scope,2000,1500,QLC,False,True,400.0,59,100,56,60,71,GHOUL,58,73,91,69,72,family,family,
Transcend,MTE110S,128,NVMe SSD,PCIe 3.0 x4,M.2 2280,https://transcend-info.com/support/software/ssd-scope,1800,1500,TLC,False,True,51.2,59,15,68,75,50,SCRAPWRAITH,36,29,26,52,47,family,family,
Transcend,MTE110S,256,NVMe SSD,PCIe 3.0 x4,M.2 2280,https://transcend-info.com/support/software/ssd-scope,1800,1500,TLC,False,True,102.4,59,35,68,75,56,REVENANT,61,36,42,58,54,family,family,
Transcend,MTE110S,512,NVMe SSD,PCIe 3.0 x4,M.2 2280,https://transcend-info.com/support/software/ssd-scope,1800,1500,TLC,False,True,204.8,59,65,68,75,65,REVENANT,61,61,66,67,64,family,family,
Transcend,MTE110S,1000,NVMe SSD,PCIe 3.0 x4,M.2 2280,https://transcend-info.com/support/software/ssd-scope,1800,1500,TLC,False,True,400.0,59,85,68,75,71,GHOUL,61,68,82,73,71,family,family,
Transcend,MTE110S,2000,NVMe SSD,PCIe 3.0 x4,M.2 2280,https://transcend-info.com/support/software/ssd-scope,1800,1500,TLC,False,True,800.0,59,100,68,75,75,GHOUL,61,73,94,78,76,family,family,
Transcend,MTE115S,500,NVMe SSD,PCIe 3.0 x4,M.2 2280,https://transcend-info.com/support/software/ssd-scope,3200,2000,TLC,False,True,250.0,72,65,74,75,71,GHOUL,72,70,67,71,70,family,family,
Transcend,MTE115S,1000,NVMe SSD,PCIe 3.0 x4,M.2 2280,https://transcend-info.com/support/software/ssd-scope,3200,2000,TLC,False,True,500.0,72,85,74,75,77,GHOUL,72,77,83,77,77,family,family,
Transcend,MTE115S,2000,NVMe SSD,PCIe 3.0 x4,M.2 2280,https://transcend-info.com/support/software/ssd-scope,3200,2000,TLC,False,True,1000.0,72,100,74,75,81,GHOUL,72,82,95,82,82,family,family,
Transcend,MTE220S,256,NVMe SSD,PCIe 3.0 x4,M.2 2280,https://transcend-info.com/support/software/ssd-scope,3500,2800,TLC,True,False,204.8,77,35,88,88,68,REVENANT,80,47,46,72,67,family,family,
Transcend,MTE220S,512,NVMe SSD,PCIe 3.0 x4,M.2 2280,https://transcend-info.com/support/software/ssd-scope,3500,2800,TLC,True,False,409.6,77,65,88,88,77,GHOUL,80,73,70,81,77,family,family,
Transcend,MTE220S,1000,NVMe SSD,PCIe 3.0 x4,M.2 2280,https://transcend-info.com/support/software/ssd-scope,3500,2800,TLC,True,False,800.0,77,85,88,88,83,GHOUL,80,80,86,87,83,family,family,
Transcend,MTE220S,2000,NVMe SSD,PCIe 3.0 x4,M.2 2280,https://transcend-info.com/support/software/ssd-scope,3500,2800,TLC,True,False,1600.0,77,100,88,88,88,ALGHOUL,80,85,98,92,88,family,family,
Transcend,MTE240S,500,NVMe SSD,PCIe 4.0 x4,M.2 2280,https://transcend-info.com/support/software/ssd-scope,3800,3200,TLC,True,False,400.0,74,65,88,88,76,GHOUL,78,71,70,81,76,family,family,
Transcend,MTE240S,1000,NVMe SSD,PCIe 4.0 x4,M.2 2280,https://transcend-info.com/support/software/ssd-scope,3800,3200,TLC,True,False,800.0,74,85,88,88,82,GHOUL,78,78,86,87,82,family,family,
Transcend,MTE245S,500,NVMe SSD,PCIe 4.0 x4,M.2 2280,https://transcend-info.com/support/software/ssd-scope,5000,4600,TLC,False,True,300.0,79,65,84,88,77,GHOUL,80,74,69,78,76,family,family,
Transcend,MTE245S,1000,NVMe SSD,PCIe 4.0 x4,M.2 2280,https://transcend-info.com/support/software/ssd-scope,5000,4600,TLC,False,True,600.0,79,85,84,88,83,GHOUL,80,81,85,84,83,family,family,
Transcend,MTE245S,2000,NVMe SSD,PCIe 4.0 x4,M.2 2280,https://transcend-info.com/support/software/ssd-scope,5000,4600,TLC,False,True,1200.0,79,100,84,88,87,ALGHOUL,80,86,97,89,88,family,family,
Transcend,MTE245S,4000,NVMe SSD,PCIe 4.0 x4,M.2 2280,https://transcend-info.com/support/software/ssd-scope,5000,4600,TLC,False,True,2400.0,79,100,84,88,87,ALGHOUL,80,86,97,89,88,family,family,
Transcend,MTE250H,1000,NVMe SSD,PCIe 4.0 x4,M.2 2280,https://transcend-info.com/support/software/ssd-scope,7500,6700,TLC,True,False,800.0,94,85,98,88,92,ALGHOUL,95,91,88,94,92,family,family,
Transcend,MTE250H,2000,NVMe SSD,PCIe 4.0 x4,M.2 2280,https://transcend-info.com/support/software/ssd-scope,7500,6700,TLC,True,False,1600.0,94,100,98,88,96,ALGHOUL,95,96,100,99,97,family,family,
Transcend,MTE250H,4000,NVMe SSD,PCIe 4.0 x4,M.2 2280,https://transcend-info.com/support/software/ssd-scope,7500,6700,TLC,True,False,3200.0,94,100,98,88,96,ALGHOUL,95,96,100,99,97,family,family,
Transcend,MTE250S,1000,NVMe SSD,PCIe 4.0 x4,M.2 2280,https://transcend-info.com/support/software/ssd-scope,7500,6700,TLC,True,False,800.0,94,85,98,88,92,ALGHOUL,95,91,88,94,92,family,family,
Transcend,MTE250S,2000,NVMe SSD,PCIe 4.0 x4,M.2 2280,https://transcend-info.com/support/software/ssd-scope,7500,6700,TLC,True,False,1600.0,94,100,98,88,96,ALGHOUL,95,96,100,99,97,family,family,
Transcend,MTE250S,4000,NVMe SSD,PCIe 4.0 x4,M.2 2280,https://transcend-info.com/support/software/ssd-scope,7500,6700,TLC,True,False,3200.0,94,100,98,88,96,ALGHOUL,95,96,100,99,97,family,family,
Transcend,MTE255S,1000,NVMe SSD,PCIe 4.0 x4,M.2 2280,https://transcend-info.com/support/software/ssd-scope,7400,6500,TLC,False,True,700.0,93,85,92,88,90,ALGHOUL,93,90,86,90,90,family,family,
Transcend,MTE255S,2000,NVMe SSD,PCIe 4.0 x4,M.2 2280,https://transcend-info.com/support/software/ssd-scope,7400,6500,TLC,False,True,1400.0,93,100,92,88,94,ALGHOUL,93,95,98,94,95,family,family,
Transcend,MTE255S,4000,NVMe SSD,PCIe 4.0 x4,M.2 2280,https://transcend-info.com/support/software/ssd-scope,7400,6500,TLC,False,True,2800.0,93,100,92,88,94,ALGHOUL,93,95,98,94,95,family,family,
Transcend,MTE260S,1000,NVMe SSD,PCIe 5.0 x4,M.2 2280,https://transcend-info.com/support/software/ssd-scope,14000,12000,TLC,True,False,800.0,100,85,100,88,94,ALGHOUL,100,95,88,96,95,family,family,
Transcend,MTE260S,2000,NVMe SSD,PCIe 5.0 x4,M.2 2280,https://transcend-info.com/support/software/ssd-scope,14000,12000,TLC,True,False,1600.0,100,100,100,88,99,ALGHOUL,100,100,100,100,100,family,family,
Transcend,MTE260S,4000,NVMe SSD,PCIe 5.0 x4,M.2 2280,https://transcend-info.com/support/software/ssd-scope,14000,12000,TLC,True,False,3200.0,100,100,100,88,99,ALGHOUL,100,100,100,100,100,family,family,
Western Digital,WD Blue SN500,250,NVMe SSD,PCIe 3.0 x2,M.2 2280,https://support-en.wd.com/,1700,1450,TLC,False,True,75.0,59,35,72,60,55,REVENANT,62,36,42,61,55,family,family,
Western Digital,WD Blue SN500,500,NVMe SSD,PCIe 3.0 x2,M.2 2280,https://support-en.wd.com/,1700,1450,TLC,False,True,150.0,59,65,72,60,64,REVENANT,62,61,66,70,65,family,family,
Western Digital,WD Blue SN5000,500,NVMe SSD,PCIe 4.0 x4,M.2 2280,https://support-en.wd.com/,5500,5000,TLC/QLC,False,True,300.0,79,65,82,88,76,GHOUL,80,74,68,77,75,family,family,
Western Digital,WD Blue SN5000,1000,NVMe SSD,PCIe 4.0 x4,M.2 2280,https://support-en.wd.com/,5500,5000,TLC/QLC,False,True,600.0,79,85,82,88,82,GHOUL,80,81,84,83,82,family,family,
Western Digital,WD Blue SN5000,2000,NVMe SSD,PCIe 4.0 x4,M.2 2280,https://support-en.wd.com/,5500,5000,TLC/QLC,False,True,1200.0,79,100,82,88,87,ALGHOUL,80,86,96,87,87,family,family,
Western Digital,WD Blue SN5000,4000,NVMe SSD,PCIe 4.0 x4,M.2 2280,https://support-en.wd.com/,5500,5000,TLC/QLC,False,True,2400.0,79,100,82,88,87,ALGHOUL,80,86,96,87,87,family,family,
Western Digital,WD Blue SN5100,500,NVMe SSD,PCIe 4.0 x4,M.2 2280,https://support-en.wd.com/,7100,6700,TLC/QLC,False,True,300.0,87,65,86,88,80,GHOUL,87,79,69,80,79,family,family,
Western Digital,WD Blue SN5100,1000,NVMe SSD,PCIe 4.0 x4,M.2 2280,https://support-en.wd.com/,7100,6700,TLC/QLC,False,True,600.0,87,85,86,88,86,ALGHOUL,87,86,85,86,86,family,family,
Western Digital,WD Blue SN5100,2000,NVMe SSD,PCIe 4.0 x4,M.2 2280,https://support-en.wd.com/,7100,6700,TLC/QLC,False,True,1200.0,87,100,86,88,91,ALGHOUL,87,92,97,90,91,family,family,
Western Digital,WD Blue SN5100,4000,NVMe SSD,PCIe 4.0 x4,M.2 2280,https://support-en.wd.com/,7100,6700,TLC/QLC,False,True,2400.0,87,100,86,88,91,ALGHOUL,87,92,97,90,91,family,family,
Western Digital,WD Blue SN550,250,NVMe SSD,PCIe 3.0 x4,M.2 2280,https://support-en.wd.com/,2400,1950,TLC,False,True,150.0,59,35,76,88,59,REVENANT,63,36,43,64,57,family,family,
Western Digital,WD Blue SN550,500,NVMe SSD,PCIe 3.0 x4,M.2 2280,https://support-en.wd.com/,2400,1950,TLC,False,True,300.0,59,65,76,88,68,REVENANT,63,61,67,73,67,family,family,
Western Digital,WD Blue SN550,1000,NVMe SSD,PCIe 3.0 x4,M.2 2280,https://support-en.wd.com/,2400,1950,TLC,False,True,600.0,59,85,76,88,74,GHOUL,63,68,83,79,73,family,family,
Western Digital,WD Blue SN550,2000,NVMe SSD,PCIe 3.0 x4,M.2 2280,https://support-en.wd.com/,2400,1950,TLC,False,True,1200.0,59,100,76,88,78,GHOUL,63,73,95,83,78,family,family,
Western Digital,WD Blue SN570,250,NVMe SSD,PCIe 3.0 x4,M.2 2280,https://support-en.wd.com/,3500,3000,TLC,False,True,150.0,76,35,82,88,66,REVENANT,78,47,44,68,64,family,family,
Western Digital,WD Blue SN570,500,NVMe SSD,PCIe 3.0 x4,M.2 2280,https://support-en.wd.com/,3500,3000,TLC,False,True,300.0,76,65,82,88,75,GHOUL,78,72,68,77,74,family,family,
Western Digital,WD Blue SN570,1000,NVMe SSD,PCIe 3.0 x4,M.2 2280,https://support-en.wd.com/,3500,3000,TLC,False,True,600.0,76,85,82,88,81,GHOUL,78,79,84,83,81,family,family,
Western Digital,WD Blue SN570,2000,NVMe SSD,PCIe 3.0 x4,M.2 2280,https://support-en.wd.com/,3500,3000,TLC,False,True,1200.0,76,100,82,88,86,ALGHOUL,78,84,96,87,86,family,family,
Western Digital,WD Blue SN580,250,NVMe SSD,PCIe 4.0 x4,M.2 2280,https://support-en.wd.com/,4150,4150,TLC,False,True,150.0,73,35,84,88,66,REVENANT,76,45,45,69,64,family,family,
Western Digital,WD Blue SN580,500,NVMe SSD,PCIe 4.0 x4,M.2 2280,https://support-en.wd.com/,4150,4150,TLC,False,True,300.0,73,65,84,88,75,GHOUL,76,70,69,78,74,family,family,
Western Digital,WD Blue SN580,1000,NVMe SSD,PCIe 4.0 x4,M.2 2280,https://support-en.wd.com/,4150,4150,TLC,False,True,600.0,73,85,84,88,81,GHOUL,76,77,85,84,81,family,family,
Western Digital,WD Blue SN580,2000,NVMe SSD,PCIe 4.0 x4,M.2 2280,https://support-en.wd.com/,4150,4150,TLC,False,True,1200.0,73,100,84,88,85,ALGHOUL,76,82,97,89,86,family,family,
Western Digital,WD Green SN350,240,NVMe SSD,PCIe 3.0 x4,M.2 2280,https://support-en.wd.com/,3200,3000,QLC,False,True,24.0,72,35,58,45,55,REVENANT,68,44,40,51,55,family,family,
Western Digital,WD Green SN350,480,NVMe SSD,PCIe 3.0 x4,M.2 2280,https://support-en.wd.com/,3200,3000,QLC,False,True,48.0,72,65,58,45,64,REVENANT,68,70,64,60,65,family,family,
Western Digital,WD Green SN350,960,NVMe SSD,PCIe 3.0 x4,M.2 2280,https://support-en.wd.com/,3200,3000,QLC,False,True,96.0,72,85,58,45,70,GHOUL,68,77,80,66,72,family,family,
Western Digital,WD Green SN350,1000,NVMe SSD,PCIe 3.0 x4,M.2 2280,https://support-en.wd.com/,3200,3000,QLC,False,True,100.0,72,85,58,45,70,GHOUL,68,77,80,66,72,family,family,
Western Digital,WD Green SN350,2000,NVMe SSD,PCIe 3.0 x4,M.2 2280,https://support-en.wd.com/,3200,3000,QLC,False,True,200.0,72,100,58,45,74,GHOUL,68,82,92,71,77,family,family,
Western Digital,WD_BLACK SN700,250,NVMe SSD,PCIe 3.0 x4,M.2 2280,https://support-en.wd.com/,3430,3000,TLC,True,False,250.0,73,35,88,100,68,REVENANT,77,45,46,72,65,family,family,
Western Digital,WD_BLACK SN700,500,NVMe SSD,PCIe 3.0 x4,M.2 2280,https://support-en.wd.com/,3430,3000,TLC,True,False,500.0,73,65,88,100,77,GHOUL,77,70,70,81,75,family,family,
Western Digital,WD_BLACK SN700,1000,NVMe SSD,PCIe 3.0 x4,M.2 2280,https://support-en.wd.com/,3430,3000,TLC,True,False,1000.0,73,85,88,100,83,GHOUL,77,77,86,87,82,family,family,
Western Digital,WD_BLACK SN700,2000,NVMe SSD,PCIe 3.0 x4,M.2 2280,https://support-en.wd.com/,3430,3000,TLC,True,False,2000.0,73,100,88,100,88,ALGHOUL,77,82,98,92,87,family,family,
Western Digital,WD_BLACK SN700,4000,NVMe SSD,PCIe 3.0 x4,M.2 2280,https://support-en.wd.com/,3430,3000,TLC,True,False,4000.0,73,100,88,100,88,ALGHOUL,77,82,98,92,87,family,family,
Western Digital,WD_BLACK SN7100,500,NVMe SSD,PCIe 4.0 x4,M.2 2280,https://support-en.wd.com/,7250,6900,TLC,False,True,300.0,87,65,94,88,82,GHOUL,89,79,71,85,82,family,family,
Western Digital,WD_BLACK SN7100,1000,NVMe SSD,PCIe 4.0 x4,M.2 2280,https://support-en.wd.com/,7250,6900,TLC,False,True,600.0,87,85,94,88,88,ALGHOUL,89,86,87,91,89,family,family,
Western Digital,WD_BLACK SN7100,2000,NVMe SSD,PCIe 4.0 x4,M.2 2280,https://support-en.wd.com/,7250,6900,TLC,False,True,1200.0,87,100,94,88,93,ALGHOUL,89,92,99,96,94,family,family,
Western Digital,WD_BLACK SN7100,4000,NVMe SSD,PCIe 4.0 x4,M.2 2280,https://support-en.wd.com/,7250,6900,TLC,False,True,2400.0,87,100,94,88,93,ALGHOUL,89,92,99,96,94,family,family,
Western Digital,WD_BLACK SN750,250,NVMe SSD,PCIe 3.0 x4,M.2 2280,https://support-en.wd.com/,3470,3000,TLC,True,False,150.0,73,35,92,88,68,REVENANT,78,45,46,75,67,family,family,
Western Digital,WD_BLACK SN750,500,NVMe SSD,PCIe 3.0 x4,M.2 2280,https://support-en.wd.com/,3470,3000,TLC,True,False,300.0,73,65,92,88,77,GHOUL,78,70,70,84,77,family,family,
Western Digital,WD_BLACK SN750,1000,NVMe SSD,PCIe 3.0 x4,M.2 2280,https://support-en.wd.com/,3470,3000,TLC,True,False,600.0,73,85,92,88,83,GHOUL,78,77,86,90,83,family,family,
Western Digital,WD_BLACK SN750,2000,NVMe SSD,PCIe 3.0 x4,M.2 2280,https://support-en.wd.com/,3470,3000,TLC,True,False,1200.0,73,100,92,88,87,ALGHOUL,78,82,98,94,88,family,family,
Western Digital,WD_BLACK SN750,4000,NVMe SSD,PCIe 3.0 x4,M.2 2280,https://support-en.wd.com/,3470,3000,TLC,True,False,2400.0,73,100,92,88,87,ALGHOUL,78,82,98,94,88,family,family,
Western Digital,WD_BLACK SN750 SE,250,NVMe SSD,PCIe 4.0 x4,M.2 2280,https://support-en.wd.com/,3600,2830,TLC,False,True,150.0,73,35,83,88,66,REVENANT,76,45,45,69,64,family,family,
Western Digital,WD_BLACK SN750 SE,500,NVMe SSD,PCIe 4.0 x4,M.2 2280,https://support-en.wd.com/,3600,2830,TLC,False,True,300.0,73,65,83,88,75,GHOUL,76,70,69,78,74,family,family,
Western Digital,WD_BLACK SN750 SE,1000,NVMe SSD,PCIe 4.0 x4,M.2 2280,https://support-en.wd.com/,3600,2830,TLC,False,True,600.0,73,85,83,88,81,GHOUL,76,77,85,84,80,family,family,
Western Digital,WD_BLACK SN770,250,NVMe SSD,PCIe 4.0 x4,M.2 2280,https://support-en.wd.com/,5150,4900,TLC,False,True,150.0,79,35,89,88,69,REVENANT,82,49,46,73,68,family,family,
Western Digital,WD_BLACK SN770,500,NVMe SSD,PCIe 4.0 x4,M.2 2280,https://support-en.wd.com/,5150,4900,TLC,False,True,300.0,79,65,89,88,78,GHOUL,82,74,70,82,78,family,family,
Western Digital,WD_BLACK SN770,1000,NVMe SSD,PCIe 4.0 x4,M.2 2280,https://support-en.wd.com/,5150,4900,TLC,False,True,600.0,79,85,89,88,84,GHOUL,82,81,86,88,84,family,family,
Western Digital,WD_BLACK SN770,2000,NVMe SSD,PCIe 4.0 x4,M.2 2280,https://support-en.wd.com/,5150,4900,TLC,False,True,1200.0,79,100,89,88,89,ALGHOUL,82,86,98,92,89,family,family,
Western Digital,WD_BLACK SN8100,1000,NVMe SSD,PCIe 5.0 x4,M.2 2280,https://support-en.wd.com/,14900,14000,TLC,True,False,600.0,100,85,100,88,94,ALGHOUL,100,95,88,96,95,family,family,
Western Digital,WD_BLACK SN8100,2000,NVMe SSD,PCIe 5.0 x4,M.2 2280,https://support-en.wd.com/,14900,14000,TLC,True,False,1200.0,100,100,100,88,99,ALGHOUL,100,100,100,100,100,family,family,
Western Digital,WD_BLACK SN8100,4000,NVMe SSD,PCIe 5.0 x4,M.2 2280,https://support-en.wd.com/,14900,14000,TLC,True,False,2400.0,100,100,100,88,99,ALGHOUL,100,100,100,100,100,family,family,
Western Digital,WD_BLACK SN8100,8000,NVMe SSD,PCIe 5.0 x4,M.2 2280,https://support-en.wd.com/,14900,14000,TLC,True,False,4800.0,100,100,100,88,99,ALGHOUL,100,100,100,100,100,family,family,
Western Digital,WD_BLACK SN850,500,NVMe SSD,PCIe 4.0 x4,M.2 2280,https://support-en.wd.com/,7000,5300,TLC,True,False,300.0,88,65,97,88,83,GHOUL,90,80,71,87,83,family,family,
Western Digital,WD_BLACK SN850,1000,NVMe SSD,PCIe 4.0 x4,M.2 2280,https://support-en.wd.com/,7000,5300,TLC,True,False,600.0,88,85,97,88,89,ALGHOUL,90,87,87,93,90,family,family,
Western Digital,WD_BLACK SN850,2000,NVMe SSD,PCIe 4.0 x4,M.2 2280,https://support-en.wd.com/,7000,5300,TLC,True,False,1200.0,88,100,97,88,94,ALGHOUL,90,92,99,98,95,family,family,
Western Digital,WD_BLACK SN850X,1000,NVMe SSD,PCIe 4.0 x4,M.2 2280,https://support-en.wd.com/,7300,6600,TLC,True,False,600.0,94,85,99,88,92,ALGHOUL,95,91,88,95,93,family,family,
Western Digital,WD_BLACK SN850X,2000,NVMe SSD,PCIe 4.0 x4,M.2 2280,https://support-en.wd.com/,7300,6600,TLC,True,False,1200.0,94,100,99,88,96,ALGHOUL,95,96,100,99,98,family,family,
Western Digital,WD_BLACK SN850X,4000,NVMe SSD,PCIe 4.0 x4,M.2 2280,https://support-en.wd.com/,7300,6600,TLC,True,False,2400.0,94,100,99,88,96,ALGHOUL,95,96,100,99,98,family,family,
Western Digital,WD_BLACK SN850X,8000,NVMe SSD,PCIe 4.0 x4,M.2 2280,https://support-en.wd.com/,7300,6600,TLC,True,False,4800.0,94,100,99,88,96,ALGHOUL,95,96,100,99,98,family,family,
ADATA,Premier SP550,120,SATA SSD,SATA 6 Gbps,2.5-inch,https://www.adata.com/en/support/,560,510,TLC,False,False,30.0,52,15,58,60,43,SCRAPBLADE,29,24,24,45,42,family,family,
ADATA,Premier SP550,240,SATA SSD,SATA 6 Gbps,2.5-inch,https://www.adata.com/en/support/,560,510,TLC,False,False,60.0,52,35,58,60,49,SCRAPWRAITH,54,31,40,51,48,family,family,
ADATA,Premier SP550,480,SATA SSD,SATA 6 Gbps,2.5-inch,https://www.adata.com/en/support/,560,510,TLC,False,False,120.0,52,65,58,60,58,REVENANT,54,57,64,60,58,family,family,
ADATA,Premier SP550,960,SATA SSD,SATA 6 Gbps,2.5-inch,https://www.adata.com/en/support/,560,510,TLC,False,False,240.0,52,85,58,60,64,REVENANT,54,64,80,66,65,family,family,
ADATA,Ultimate SU630,240,SATA SSD,SATA 6 Gbps,2.5-inch,https://www.adata.com/en/support/,520,450,QLC,False,False,48.0,45,35,52,60,45,SCRAPWRAITH,47,27,38,47,44,family,family,
ADATA,Ultimate SU630,480,SATA SSD,SATA 6 Gbps,2.5-inch,https://www.adata.com/en/support/,520,450,QLC,False,False,96.0,45,65,52,60,54,SCRAPWRAITH,47,52,62,56,54,family,family,
ADATA,Ultimate SU630,960,SATA SSD,SATA 6 Gbps,2.5-inch,https://www.adata.com/en/support/,520,450,QLC,False,False,192.0,45,85,52,60,60,REVENANT,47,59,78,62,61,family,family,
ADATA,Ultimate SU635,240,SATA SSD,SATA 6 Gbps,2.5-inch,https://www.adata.com/en/support/,520,450,QLC,False,False,48.0,45,35,52,60,45,SCRAPWRAITH,47,27,38,47,44,family,family,
ADATA,Ultimate SU635,480,SATA SSD,SATA 6 Gbps,2.5-inch,https://www.adata.com/en/support/,520,450,QLC,False,False,96.0,45,65,52,60,54,SCRAPWRAITH,47,52,62,56,54,family,family,
ADATA,Ultimate SU635,960,SATA SSD,SATA 6 Gbps,2.5-inch,https://www.adata.com/en/support/,520,450,QLC,False,False,192.0,45,85,52,60,60,REVENANT,47,59,78,62,61,family,family,
ADATA,Ultimate SU650,120,SATA SSD,SATA 6 Gbps,2.5-inch,https://www.adata.com/en/support/,520,450,TLC/QLC,False,False,30.0,45,15,55,60,40,SCRAPBLADE,23,19,23,43,38,family,family,
ADATA,Ultimate SU650,240,SATA SSD,SATA 6 Gbps,2.5-inch,https://www.adata.com/en/support/,520,450,TLC/QLC,False,False,60.0,45,35,55,60,46,SCRAPWRAITH,48,27,39,49,45,family,family,
ADATA,Ultimate SU650,480,SATA SSD,SATA 6 Gbps,2.5-inch,https://www.adata.com/en/support/,520,450,TLC/QLC,False,False,120.0,45,65,55,60,55,REVENANT,48,52,63,58,55,family,family,
ADATA,Ultimate SU650,960,SATA SSD,SATA 6 Gbps,2.5-inch,https://www.adata.com/en/support/,520,450,TLC/QLC,False,False,240.0,45,85,55,60,61,REVENANT,48,59,79,64,62,family,family,
ADATA,Ultimate SU650,1000,SATA SSD,SATA 6 Gbps,2.5-inch,https://www.adata.com/en/support/,520,450,TLC/QLC,False,False,250.0,45,85,55,60,61,REVENANT,48,59,79,64,62,family,family,
ADATA,Ultimate SU650,2000,SATA SSD,SATA 6 Gbps,2.5-inch,https://www.adata.com/en/support/,520,450,TLC/QLC,False,False,500.0,45,100,55,60,66,REVENANT,48,64,91,68,67,family,family,
ADATA,Ultimate SU650,4000,SATA SSD,SATA 6 Gbps,2.5-inch,https://www.adata.com/en/support/,520,450,TLC/QLC,False,False,1000.0,45,100,55,60,66,REVENANT,48,64,91,68,67,family,family,
ADATA,Ultimate SU655,120,SATA SSD,SATA 6 Gbps,2.5-inch,https://www.adata.com/en/support/,520,450,TLC,False,False,30.0,45,15,56,60,40,SCRAPBLADE,23,19,23,44,39,family,family,
ADATA,Ultimate SU655,240,SATA SSD,SATA 6 Gbps,2.5-inch,https://www.adata.com/en/support/,520,450,TLC,False,False,60.0,45,35,56,60,46,SCRAPWRAITH,48,27,39,50,45,family,family,
ADATA,Ultimate SU655,480,SATA SSD,SATA 6 Gbps,2.5-inch,https://www.adata.com/en/support/,520,450,TLC,False,False,120.0,45,65,56,60,55,REVENANT,48,52,63,59,55,family,family,
ADATA,Ultimate SU655,960,SATA SSD,SATA 6 Gbps,2.5-inch,https://www.adata.com/en/support/,520,450,TLC,False,False,240.0,45,85,56,60,61,REVENANT,48,59,79,65,62,family,family,
ADATA,Ultimate SU740,256,SATA SSD,SATA 6 Gbps,2.5-inch,https://www.adata.com/en/support/,550,500,TLC,False,False,76.8,52,35,60,60,50,SCRAPWRAITH,54,31,40,52,49,family,family,
ADATA,Ultimate SU740,512,SATA SSD,SATA 6 Gbps,2.5-inch,https://www.adata.com/en/support/,550,500,TLC,False,False,153.6,52,65,60,60,59,REVENANT,54,57,64,62,59,family,family,
ADATA,Ultimate SU740,1000,SATA SSD,SATA 6 Gbps,2.5-inch,https://www.adata.com/en/support/,550,500,TLC,False,False,300.0,52,85,60,60,65,REVENANT,54,64,80,68,66,family,family,
ADATA,Ultimate SU760,256,SATA SSD,SATA 6 Gbps,2.5-inch,https://www.adata.com/en/support/,550,520,TLC,False,False,76.8,52,35,62,60,50,SCRAPWRAITH,54,31,40,54,50,family,family,
ADATA,Ultimate SU760,512,SATA SSD,SATA 6 Gbps,2.5-inch,https://www.adata.com/en/support/,550,520,TLC,False,False,153.6,52,65,62,60,59,REVENANT,54,57,64,63,60,family,family,
ADATA,Ultimate SU760,1000,SATA SSD,SATA 6 Gbps,2.5-inch,https://www.adata.com/en/support/,550,520,TLC,False,False,300.0,52,85,62,60,65,REVENANT,54,64,80,69,66,family,family,
ADATA,Ultimate SU800,128,SATA SSD,SATA 6 Gbps,2.5-inch,https://www.adata.com/en/support/,560,520,TLC,True,False,76.8,55,15,82,88,53,SCRAPWRAITH,37,26,28,62,51,family,family,
ADATA,Ultimate SU800,256,SATA SSD,SATA 6 Gbps,2.5-inch,https://www.adata.com/en/support/,560,520,TLC,True,False,153.6,55,35,82,88,59,REVENANT,62,33,44,68,57,family,family,
ADATA,Ultimate SU800,512,SATA SSD,SATA 6 Gbps,2.5-inch,https://www.adata.com/en/support/,560,520,TLC,True,False,307.2,55,65,82,88,68,REVENANT,62,58,68,77,67,family,family,
ADATA,Ultimate SU800,1000,SATA SSD,SATA 6 Gbps,2.5-inch,https://www.adata.com/en/support/,560,520,TLC,True,False,600.0,55,85,82,88,74,GHOUL,62,66,84,83,74,family,family,
ADATA,Ultimate SU800,2000,SATA SSD,SATA 6 Gbps,2.5-inch,https://www.adata.com/en/support/,560,520,TLC,True,False,1200.0,55,100,82,88,79,GHOUL,62,71,96,87,79,family,family,
Corsair,Force GS,128,SATA SSD,SATA 6 Gbps,2.5-inch,https://www.corsair.com/us/en/c/data-storage,555,525,MLC,True,False,89.6,55,15,82,88,53,SCRAPWRAITH,37,26,28,62,51,family,family,
Corsair,Force GS,180,SATA SSD,SATA 6 Gbps,2.5-inch,https://www.corsair.com/us/en/c/data-storage,555,525,MLC,True,False,126.0,55,35,82,88,59,REVENANT,37,33,44,68,57,family,family,
Corsair,Force GS,240,SATA SSD,SATA 6 Gbps,2.5-inch,https://www.corsair.com/us/en/c/data-storage,555,525,MLC,True,False,168.0,55,35,82,88,59,REVENANT,62,33,44,68,57,family,family,
Corsair,Force GS,360,SATA SSD,SATA 6 Gbps,2.5-inch,https://www.corsair.com/us/en/c/data-storage,555,525,MLC,True,False,252.0,55,65,82,88,68,REVENANT,62,43,68,77,67,family,family,
Corsair,Force GS,480,SATA SSD,SATA 6 Gbps,2.5-inch,https://www.corsair.com/us/en/c/data-storage,555,525,MLC,True,False,336.0,55,65,82,88,68,REVENANT,62,58,68,77,67,family,family,
Corsair,Force GT,60,SATA SSD,SATA 6 Gbps,2.5-inch,https://www.corsair.com/us/en/c/data-storage,555,515,MLC,True,False,42.0,55,15,84,75,52,SCRAPWRAITH,37,26,29,63,51,family,family,
Corsair,Force GT,90,SATA SSD,SATA 6 Gbps,2.5-inch,https://www.corsair.com/us/en/c/data-storage,555,515,MLC,True,False,63.0,55,15,84,75,52,SCRAPWRAITH,37,26,29,63,51,family,family,
Corsair,Force GT,120,SATA SSD,SATA 6 Gbps,2.5-inch,https://www.corsair.com/us/en/c/data-storage,555,515,MLC,True,False,84.0,55,15,84,88,54,SCRAPWRAITH,37,26,29,63,51,family,family,
Corsair,Force GT,180,SATA SSD,SATA 6 Gbps,2.5-inch,https://www.corsair.com/us/en/c/data-storage,555,515,MLC,True,False,126.0,55,35,84,88,60,REVENANT,37,33,45,69,58,family,family,
Corsair,Force GT,240,SATA SSD,SATA 6 Gbps,2.5-inch,https://www.corsair.com/us/en/c/data-storage,555,515,MLC,True,False,168.0,55,35,84,88,60,REVENANT,62,33,45,69,58,family,family,
Corsair,Force GT,480,SATA SSD,SATA 6 Gbps,2.5-inch,https://www.corsair.com/us/en/c/data-storage,555,515,MLC,True,False,336.0,55,65,84,88,69,REVENANT,62,58,69,78,68,family,family,
Corsair,Force LE,120,SATA SSD,SATA 6 Gbps,2.5-inch,https://www.corsair.com/us/en/c/data-storage,560,530,TLC,False,False,36.0,52,15,62,60,44,SCRAPBLADE,29,24,24,48,43,family,family,
Corsair,Force LE,240,SATA SSD,SATA 6 Gbps,2.5-inch,https://www.corsair.com/us/en/c/data-storage,560,530,TLC,False,False,72.0,52,35,62,60,50,SCRAPWRAITH,54,31,40,54,50,family,family,
Corsair,Force LE,480,SATA SSD,SATA 6 Gbps,2.5-inch,https://www.corsair.com/us/en/c/data-storage,560,530,TLC,False,False,144.0,52,65,62,60,59,REVENANT,54,57,64,63,60,family,family,
Corsair,Force LE,960,SATA SSD,SATA 6 Gbps,2.5-inch,https://www.corsair.com/us/en/c/data-storage,560,530,TLC,False,False,288.0,52,85,62,60,65,REVENANT,54,64,80,69,66,family,family,
Corsair,Force LE200,120,SATA SSD,SATA 6 Gbps,2.5-inch,https://www.corsair.com/us/en/c/data-storage,560,530,TLC,False,False,36.0,52,15,60,60,44,SCRAPBLADE,29,24,24,46,42,family,family,
Corsair,Force LE200,240,SATA SSD,SATA 6 Gbps,2.5-inch,https://www.corsair.com/us/en/c/data-storage,560,530,TLC,False,False,72.0,52,35,60,60,50,SCRAPWRAITH,54,31,40,52,49,family,family,
Corsair,Force LE200,480,SATA SSD,SATA 6 Gbps,2.5-inch,https://www.corsair.com/us/en/c/data-storage,560,530,TLC,False,False,144.0,52,65,60,60,59,REVENANT,54,57,64,62,59,family,family,
Corsair,Force LS,60,SATA SSD,SATA 6 Gbps,2.5-inch,https://www.corsair.com/us/en/c/data-storage,560,535,TLC,False,False,18.0,52,15,63,45,43,SCRAPBLADE,30,24,25,49,43,family,family,
Corsair,Force LS,120,SATA SSD,SATA 6 Gbps,2.5-inch,https://www.corsair.com/us/en/c/data-storage,560,535,TLC,False,False,36.0,52,15,63,60,44,SCRAPBLADE,30,24,25,49,43,family,family,
Corsair,Force LS,240,SATA SSD,SATA 6 Gbps,2.5-inch,https://www.corsair.com/us/en/c/data-storage,560,535,TLC,False,False,72.0,52,35,63,60,50,SCRAPWRAITH,55,31,41,55,50,family,family,
Corsair,Force LS,480,SATA SSD,SATA 6 Gbps,2.5-inch,https://www.corsair.com/us/en/c/data-storage,560,535,TLC,False,False,144.0,52,65,63,60,59,REVENANT,55,57,65,64,60,family,family,
Corsair,Force LS,960,SATA SSD,SATA 6 Gbps,2.5-inch,https://www.corsair.com/us/en/c/data-storage,560,535,TLC,False,False,288.0,52,85,63,60,65,REVENANT,55,64,81,70,67,family,family,
Corsair,Force LX,128,SATA SSD,SATA 6 Gbps,2.5-inch,https://www.corsair.com/us/en/c/data-storage,560,450,MLC,False,False,64.0,49,15,70,75,47,SCRAPBLADE,29,22,26,54,45,family,family,
Corsair,Force LX,256,SATA SSD,SATA 6 Gbps,2.5-inch,https://www.corsair.com/us/en/c/data-storage,560,450,MLC,False,False,128.0,49,35,70,75,53,SCRAPWRAITH,54,29,42,60,51,family,family,
Corsair,Force LX,512,SATA SSD,SATA 6 Gbps,2.5-inch,https://www.corsair.com/us/en/c/data-storage,560,450,MLC,False,False,256.0,49,65,70,75,62,REVENANT,54,55,66,68,61,family,family,
Corsair,Neutron,120,SATA SSD,SATA 6 Gbps,2.5-inch,https://www.corsair.com/us/en/c/data-storage,555,370,MLC,True,False,96.0,52,15,84,88,52,SCRAPWRAITH,35,24,29,63,50,family,family,
Corsair,Neutron,240,SATA SSD,SATA 6 Gbps,2.5-inch,https://www.corsair.com/us/en/c/data-storage,555,370,MLC,True,False,192.0,52,35,84,88,58,REVENANT,60,31,45,69,57,family,family,
Corsair,Neutron GTX,120,SATA SSD,SATA 6 Gbps,2.5-inch,https://www.corsair.com/us/en/c/data-storage,555,511,MLC,True,False,120.0,55,15,90,100,56,REVENANT,39,26,30,68,53,family,family,
Corsair,Neutron GTX,240,SATA SSD,SATA 6 Gbps,2.5-inch,https://www.corsair.com/us/en/c/data-storage,555,511,MLC,True,False,240.0,55,35,90,100,62,REVENANT,64,33,46,74,60,family,family,
Corsair,Neutron GTX,480,SATA SSD,SATA 6 Gbps,2.5-inch,https://www.corsair.com/us/en/c/data-storage,555,511,MLC,True,False,480.0,55,65,90,100,71,GHOUL,64,58,70,82,70,family,family,
Corsair,Neutron XTi,240,SATA SSD,SATA 6 Gbps,2.5-inch,https://www.corsair.com/us/en/c/data-storage,560,540,MLC,True,False,288.0,55,35,92,100,63,REVENANT,64,33,46,75,61,family,family,
Corsair,Neutron XTi,480,SATA SSD,SATA 6 Gbps,2.5-inch,https://www.corsair.com/us/en/c/data-storage,560,540,MLC,True,False,576.0,55,65,92,100,72,GHOUL,64,58,70,84,71,family,family,
Corsair,Neutron XTi,960,SATA SSD,SATA 6 Gbps,2.5-inch,https://www.corsair.com/us/en/c/data-storage,560,540,MLC,True,False,1152.0,55,85,92,100,78,GHOUL,64,66,86,90,77,family,family,
Corsair,Neutron XTi,1920,SATA SSD,SATA 6 Gbps,2.5-inch,https://www.corsair.com/us/en/c/data-storage,560,540,MLC,True,False,2304.0,55,100,92,100,82,GHOUL,64,71,98,94,82,family,family,
Crucial,BX100,120,SATA SSD,SATA 6 Gbps,2.5-inch,https://www.crucial.com/support/ssd-support,535,450,MLC,False,False,60.0,45,15,70,75,45,SCRAPBLADE,26,19,26,54,43,family,family,Some later capacities/revisions may use different NAND/controllers.
Crucial,BX100,250,SATA SSD,SATA 6 Gbps,2.5-inch,https://www.crucial.com/support/ssd-support,535,450,MLC,False,False,125.0,45,35,70,75,51,SCRAPWRAITH,51,27,42,60,50,family,family,Some later capacities/revisions may use different NAND/controllers.
Crucial,BX100,500,SATA SSD,SATA 6 Gbps,2.5-inch,https://www.crucial.com/support/ssd-support,535,450,MLC,False,False,250.0,45,65,70,75,60,REVENANT,51,52,66,68,60,family,family,Some later capacities/revisions may use different NAND/controllers.
Crucial,BX100,1000,SATA SSD,SATA 6 Gbps,2.5-inch,https://www.crucial.com/support/ssd-support,535,450,MLC,False,False,500.0,45,85,70,75,66,REVENANT,51,59,82,74,67,family,family,Some later capacities/revisions may use different NAND/controllers.
Crucial,BX200,240,SATA SSD,SATA 6 Gbps,2.5-inch,https://www.crucial.com/support/ssd-support,540,490,TLC,False,False,72.0,45,35,58,60,47,SCRAPWRAITH,48,27,40,51,46,family,family,Some later capacities/revisions may use different NAND/controllers.
Crucial,BX200,480,SATA SSD,SATA 6 Gbps,2.5-inch,https://www.crucial.com/support/ssd-support,540,490,TLC,False,False,144.0,45,65,58,60,56,REVENANT,48,52,64,60,56,family,family,Some later capacities/revisions may use different NAND/controllers.
Crucial,BX200,960,SATA SSD,SATA 6 Gbps,2.5-inch,https://www.crucial.com/support/ssd-support,540,490,TLC,False,False,288.0,45,85,58,60,62,REVENANT,48,59,80,66,63,family,family,Some later capacities/revisions may use different NAND/controllers.
Crucial,BX300,120,SATA SSD,SATA 6 Gbps,2.5-inch,https://www.crucial.com/support/ssd-support,555,510,MLC,True,False,60.0,55,15,84,75,52,SCRAPWRAITH,37,26,29,63,51,family,family,Some later capacities/revisions may use different NAND/controllers.
Crucial,BX300,240,SATA SSD,SATA 6 Gbps,2.5-inch,https://www.crucial.com/support/ssd-support,555,510,MLC,True,False,120.0,55,35,84,75,58,REVENANT,62,33,45,69,58,family,family,Some later capacities/revisions may use different NAND/controllers.
Crucial,BX300,480,SATA SSD,SATA 6 Gbps,2.5-inch,https://www.crucial.com/support/ssd-support,555,510,MLC,True,False,240.0,55,65,84,75,67,REVENANT,62,58,69,78,68,family,family,Some later capacities/revisions may use different NAND/controllers.
Crucial,BX500,120,SATA SSD,SATA 6 Gbps,2.5-inch,https://www.crucial.com/support/ssd-support,540,500,TLC/QLC,False,False,28.8,48,15,61,60,43,SCRAPBLADE,26,21,24,47,41,family,family,Some later capacities/revisions may use different NAND/controllers.
Crucial,BX500,240,SATA SSD,SATA 6 Gbps,2.5-inch,https://www.crucial.com/support/ssd-support,540,500,TLC/QLC,False,False,57.6,48,35,61,60,49,SCRAPWRAITH,51,28,40,53,48,family,family,Some later capacities/revisions may use different NAND/controllers.
Crucial,BX500,480,SATA SSD,SATA 6 Gbps,2.5-inch,https://www.crucial.com/support/ssd-support,540,500,TLC/QLC,False,False,115.2,48,65,61,60,58,REVENANT,51,54,64,62,58,family,family,Some later capacities/revisions may use different NAND/controllers.
Crucial,BX500,500,SATA SSD,SATA 6 Gbps,2.5-inch,https://www.crucial.com/support/ssd-support,540,500,TLC/QLC,False,False,120.0,48,65,61,60,58,REVENANT,51,54,64,62,58,family,family,Some later capacities/revisions may use different NAND/controllers.
Crucial,BX500,1000,SATA SSD,SATA 6 Gbps,2.5-inch,https://www.crucial.com/support/ssd-support,540,500,TLC/QLC,False,False,240.0,48,85,61,60,64,REVENANT,51,61,80,68,65,family,family,Some later capacities/revisions may use different NAND/controllers.
Crucial,BX500,2000,SATA SSD,SATA 6 Gbps,2.5-inch,https://www.crucial.com/support/ssd-support,540,500,TLC/QLC,False,False,480.0,48,100,61,60,68,REVENANT,51,66,92,73,70,family,family,Some later capacities/revisions may use different NAND/controllers.
Crucial,BX500,4000,SATA SSD,SATA 6 Gbps,2.5-inch,https://www.crucial.com/support/ssd-support,540,500,TLC/QLC,False,False,960.0,48,100,61,60,68,REVENANT,51,66,92,73,70,family,family,Some later capacities/revisions may use different NAND/controllers.
Crucial,M500,120,SATA SSD,SATA 6 Gbps,2.5-inch,https://www.crucial.com/support/ssd-support,500,400,MLC,True,False,84.0,48,15,76,88,49,SCRAPBLADE,30,21,27,58,46,family,family,Some later capacities/revisions may use different NAND/controllers.
Crucial,M500,240,SATA SSD,SATA 6 Gbps,2.5-inch,https://www.crucial.com/support/ssd-support,500,400,MLC,True,False,168.0,48,35,76,88,55,REVENANT,55,28,43,64,53,family,family,Some later capacities/revisions may use different NAND/controllers.
Crucial,M500,480,SATA SSD,SATA 6 Gbps,2.5-inch,https://www.crucial.com/support/ssd-support,500,400,MLC,True,False,336.0,48,65,76,88,64,REVENANT,55,54,67,73,63,family,family,Some later capacities/revisions may use different NAND/controllers.
Crucial,M500,960,SATA SSD,SATA 6 Gbps,2.5-inch,https://www.crucial.com/support/ssd-support,500,400,MLC,True,False,672.0,48,85,76,88,70,GHOUL,55,61,83,79,70,family,family,Some later capacities/revisions may use different NAND/controllers.
Crucial,M550,128,SATA SSD,SATA 6 Gbps,2.5-inch,https://www.crucial.com/support/ssd-support,550,500,MLC,True,False,89.6,55,15,82,88,53,SCRAPWRAITH,37,26,28,62,51,family,family,Some later capacities/revisions may use different NAND/controllers.
Crucial,M550,256,SATA SSD,SATA 6 Gbps,2.5-inch,https://www.crucial.com/support/ssd-support,550,500,MLC,True,False,179.2,55,35,82,88,59,REVENANT,62,33,44,68,57,family,family,Some later capacities/revisions may use different NAND/controllers.
Crucial,M550,512,SATA SSD,SATA 6 Gbps,2.5-inch,https://www.crucial.com/support/ssd-support,550,500,MLC,True,False,358.4,55,65,82,88,68,REVENANT,62,58,68,77,67,family,family,Some later capacities/revisions may use different NAND/controllers.
Crucial,M550,1000,SATA SSD,SATA 6 Gbps,2.5-inch,https://www.crucial.com/support/ssd-support,550,500,MLC,True,False,700.0,55,85,82,88,74,GHOUL,62,66,84,83,74,family,family,Some later capacities/revisions may use different NAND/controllers.
Crucial,MX100,128,SATA SSD,SATA 6 Gbps,2.5-inch,https://www.crucial.com/support/ssd-support,550,500,MLC,True,False,89.6,55,15,82,88,53,SCRAPWRAITH,37,26,28,62,51,family,family,Some later capacities/revisions may use different NAND/controllers.
Crucial,MX100,256,SATA SSD,SATA 6 Gbps,2.5-inch,https://www.crucial.com/support/ssd-support,550,500,MLC,True,False,179.2,55,35,82,88,59,REVENANT,62,33,44,68,57,family,family,Some later capacities/revisions may use different NAND/controllers.
Crucial,MX100,512,SATA SSD,SATA 6 Gbps,2.5-inch,https://www.crucial.com/support/ssd-support,550,500,MLC,True,False,358.4,55,65,82,88,68,REVENANT,62,58,68,77,67,family,family,Some later capacities/revisions may use different NAND/controllers.
Crucial,MX200,250,SATA SSD,SATA 6 Gbps,2.5-inch,https://www.crucial.com/support/ssd-support,555,500,MLC,True,False,200.0,55,35,87,88,60,REVENANT,63,33,45,71,59,family,family,Some later capacities/revisions may use different NAND/controllers.
Crucial,MX200,500,SATA SSD,SATA 6 Gbps,2.5-inch,https://www.crucial.com/support/ssd-support,555,500,MLC,True,False,400.0,55,65,87,88,69,REVENANT,63,58,69,80,69,family,family,Some later capacities/revisions may use different NAND/controllers.
Crucial,MX200,1000,SATA SSD,SATA 6 Gbps,2.5-inch,https://www.crucial.com/support/ssd-support,555,500,MLC,True,False,800.0,55,85,87,88,75,GHOUL,63,66,85,86,76,family,family,Some later capacities/revisions may use different NAND/controllers.
Crucial,MX300,275,SATA SSD,SATA 6 Gbps,2.5-inch,https://www.crucial.com/support/ssd-support,530,510,TLC,True,False,110.0,51,65,78,75,64,REVENANT,58,41,68,74,65,family,family,Some later capacities/revisions may use different NAND/controllers.
Crucial,MX300,525,SATA SSD,SATA 6 Gbps,2.5-inch,https://www.crucial.com/support/ssd-support,530,510,TLC,True,False,210.0,51,85,78,75,70,GHOUL,58,63,84,80,71,family,family,Some later capacities/revisions may use different NAND/controllers.
Crucial,MX300,750,SATA SSD,SATA 6 Gbps,2.5-inch,https://www.crucial.com/support/ssd-support,530,510,TLC,True,False,300.0,51,85,78,75,70,GHOUL,58,63,84,80,71,family,family,Some later capacities/revisions may use different NAND/controllers.
Crucial,MX300,1050,SATA SSD,SATA 6 Gbps,2.5-inch,https://www.crucial.com/support/ssd-support,530,510,TLC,True,False,420.0,51,100,78,75,75,GHOUL,58,68,96,85,76,family,family,Some later capacities/revisions may use different NAND/controllers.
Crucial,MX300,2000,SATA SSD,SATA 6 Gbps,2.5-inch,https://www.crucial.com/support/ssd-support,530,510,TLC,True,False,800.0,51,100,78,75,75,GHOUL,58,68,96,85,76,family,family,Some later capacities/revisions may use different NAND/controllers.
Crucial,MX500,250,SATA SSD,SATA 6 Gbps,2.5-inch,https://www.crucial.com/support/ssd-support,560,510,TLC,True,False,87.5,55,35,92,75,60,REVENANT,64,33,46,75,61,family,family,Some later capacities/revisions may use different NAND/controllers.
Crucial,MX500,500,SATA SSD,SATA 6 Gbps,2.5-inch,https://www.crucial.com/support/ssd-support,560,510,TLC,True,False,175.0,55,65,92,75,69,REVENANT,64,58,70,84,71,family,family,Some later capacities/revisions may use different NAND/controllers.
Crucial,MX500,1000,SATA SSD,SATA 6 Gbps,2.5-inch,https://www.crucial.com/support/ssd-support,560,510,TLC,True,False,350.0,55,85,92,75,75,GHOUL,64,66,86,90,77,family,family,Some later capacities/revisions may use different NAND/controllers.
Crucial,MX500,2000,SATA SSD,SATA 6 Gbps,2.5-inch,https://www.crucial.com/support/ssd-support,560,510,TLC,True,False,700.0,55,100,92,75,80,GHOUL,64,71,98,94,82,family,family,Some later capacities/revisions may use different NAND/controllers.
Crucial,MX500,4000,SATA SSD,SATA 6 Gbps,2.5-inch,https://www.crucial.com/support/ssd-support,560,510,TLC,True,False,1400.0,55,100,92,75,80,GHOUL,64,71,98,94,82,family,family,Some later capacities/revisions may use different NAND/controllers.
Intel,SSD 320,80,SATA SSD,SATA 6 Gbps,2.5-inch,https://www.intel.com/content/www/us/en/support/products/35125/memory-and-storage.html,270,220,MLC,True,False,80.0,48,15,82,88,51,SCRAPWRAITH,31,21,28,62,48,family,family,
Intel,SSD 320,120,SATA SSD,SATA 6 Gbps,2.5-inch,https://www.intel.com/content/www/us/en/support/products/35125/memory-and-storage.html,270,220,MLC,True,False,120.0,48,15,82,100,52,SCRAPWRAITH,31,21,28,62,48,family,family,
Intel,SSD 320,160,SATA SSD,SATA 6 Gbps,2.5-inch,https://www.intel.com/content/www/us/en/support/products/35125/memory-and-storage.html,270,220,MLC,True,False,160.0,48,35,82,100,58,REVENANT,31,28,44,68,55,family,family,
Intel,SSD 320,300,SATA SSD,SATA 6 Gbps,2.5-inch,https://www.intel.com/content/www/us/en/support/products/35125/memory-and-storage.html,270,220,MLC,True,False,300.0,48,65,82,100,67,REVENANT,56,39,68,77,65,family,family,
Intel,SSD 320,600,SATA SSD,SATA 6 Gbps,2.5-inch,https://www.intel.com/content/www/us/en/support/products/35125/memory-and-storage.html,270,220,MLC,True,False,600.0,48,85,82,100,73,GHOUL,56,61,84,83,72,family,family,
Intel,SSD 330,60,SATA SSD,SATA 6 Gbps,2.5-inch,https://www.intel.com/content/www/us/en/support/products/35125/memory-and-storage.html,500,450,MLC,True,False,48.0,48,15,80,75,49,SCRAPWRAITH,31,21,28,60,48,family,family,
Intel,SSD 330,120,SATA SSD,SATA 6 Gbps,2.5-inch,https://www.intel.com/content/www/us/en/support/products/35125/memory-and-storage.html,500,450,MLC,True,False,96.0,48,15,80,88,50,SCRAPWRAITH,31,21,28,60,48,family,family,
Intel,SSD 330,180,SATA SSD,SATA 6 Gbps,2.5-inch,https://www.intel.com/content/www/us/en/support/products/35125/memory-and-storage.html,500,450,MLC,True,False,144.0,48,35,80,88,56,REVENANT,31,28,44,66,54,family,family,
Intel,SSD 330,240,SATA SSD,SATA 6 Gbps,2.5-inch,https://www.intel.com/content/www/us/en/support/products/35125/memory-and-storage.html,500,450,MLC,True,False,192.0,48,35,80,88,56,REVENANT,56,28,44,66,54,family,family,
Intel,SSD 335,80,SATA SSD,SATA 6 Gbps,2.5-inch,https://www.intel.com/content/www/us/en/support/products/35125/memory-and-storage.html,500,450,MLC,True,False,64.0,48,15,80,75,49,SCRAPWRAITH,31,21,28,60,48,family,family,
Intel,SSD 335,180,SATA SSD,SATA 6 Gbps,2.5-inch,https://www.intel.com/content/www/us/en/support/products/35125/memory-and-storage.html,500,450,MLC,True,False,144.0,48,35,80,88,56,REVENANT,31,28,44,66,54,family,family,
Intel,SSD 335,240,SATA SSD,SATA 6 Gbps,2.5-inch,https://www.intel.com/content/www/us/en/support/products/35125/memory-and-storage.html,500,450,MLC,True,False,192.0,48,35,80,88,56,REVENANT,56,28,44,66,54,family,family,
Intel,SSD 520,60,SATA SSD,SATA 6 Gbps,2.5-inch,https://www.intel.com/content/www/us/en/support/products/35125/memory-and-storage.html,550,520,MLC,True,False,72.0,55,15,90,88,55,REVENANT,39,26,30,68,53,family,family,
Intel,SSD 520,120,SATA SSD,SATA 6 Gbps,2.5-inch,https://www.intel.com/content/www/us/en/support/products/35125/memory-and-storage.html,550,520,MLC,True,False,144.0,55,15,90,100,56,REVENANT,39,26,30,68,53,family,family,
Intel,SSD 520,180,SATA SSD,SATA 6 Gbps,2.5-inch,https://www.intel.com/content/www/us/en/support/products/35125/memory-and-storage.html,550,520,MLC,True,False,216.0,55,35,90,100,62,REVENANT,39,33,46,74,60,family,family,
Intel,SSD 520,240,SATA SSD,SATA 6 Gbps,2.5-inch,https://www.intel.com/content/www/us/en/support/products/35125/memory-and-storage.html,550,520,MLC,True,False,288.0,55,35,90,100,62,REVENANT,64,33,46,74,60,family,family,
Intel,SSD 520,480,SATA SSD,SATA 6 Gbps,2.5-inch,https://www.intel.com/content/www/us/en/support/products/35125/memory-and-storage.html,550,520,MLC,True,False,576.0,55,65,90,100,71,GHOUL,64,58,70,82,70,family,family,
Intel,SSD 530,80,SATA SSD,SATA 6 Gbps,2.5-inch,https://www.intel.com/content/www/us/en/support/products/35125/memory-and-storage.html,540,490,MLC,True,False,80.0,48,15,88,88,52,SCRAPWRAITH,33,21,30,66,50,family,family,
Intel,SSD 530,120,SATA SSD,SATA 6 Gbps,2.5-inch,https://www.intel.com/content/www/us/en/support/products/35125/memory-and-storage.html,540,490,MLC,True,False,120.0,48,15,88,100,53,SCRAPWRAITH,33,21,30,66,50,family,family,
Intel,SSD 530,180,SATA SSD,SATA 6 Gbps,2.5-inch,https://www.intel.com/content/www/us/en/support/products/35125/memory-and-storage.html,540,490,MLC,True,False,180.0,48,35,88,100,59,REVENANT,33,28,46,72,57,family,family,
Intel,SSD 530,240,SATA SSD,SATA 6 Gbps,2.5-inch,https://www.intel.com/content/www/us/en/support/products/35125/memory-and-storage.html,540,490,MLC,True,False,240.0,48,35,88,100,59,REVENANT,58,28,46,72,57,family,family,
Intel,SSD 530,360,SATA SSD,SATA 6 Gbps,2.5-inch,https://www.intel.com/content/www/us/en/support/products/35125/memory-and-storage.html,540,490,MLC,True,False,360.0,48,65,88,100,68,REVENANT,58,39,70,81,67,family,family,
Intel,SSD 530,480,SATA SSD,SATA 6 Gbps,2.5-inch,https://www.intel.com/content/www/us/en/support/products/35125/memory-and-storage.html,540,490,MLC,True,False,480.0,48,65,88,100,68,REVENANT,58,54,70,81,67,family,family,
Intel,SSD 535,120,SATA SSD,SATA 6 Gbps,2.5-inch,https://www.intel.com/content/www/us/en/support/products/35125/memory-and-storage.html,540,490,MLC,True,False,96.0,48,15,86,88,52,SCRAPWRAITH,33,21,29,65,50,family,family,
Intel,SSD 535,180,SATA SSD,SATA 6 Gbps,2.5-inch,https://www.intel.com/content/www/us/en/support/products/35125/memory-and-storage.html,540,490,MLC,True,False,144.0,48,35,86,88,58,REVENANT,33,28,45,71,56,family,family,
Intel,SSD 535,240,SATA SSD,SATA 6 Gbps,2.5-inch,https://www.intel.com/content/www/us/en/support/products/35125/memory-and-storage.html,540,490,MLC,True,False,192.0,48,35,86,88,58,REVENANT,58,28,45,71,56,family,family,
Intel,SSD 535,360,SATA SSD,SATA 6 Gbps,2.5-inch,https://www.intel.com/content/www/us/en/support/products/35125/memory-and-storage.html,540,490,MLC,True,False,288.0,48,65,86,88,67,REVENANT,58,39,69,80,66,family,family,
Intel,SSD 535,480,SATA SSD,SATA 6 Gbps,2.5-inch,https://www.intel.com/content/www/us/en/support/products/35125/memory-and-storage.html,540,490,MLC,True,False,384.0,48,65,86,88,67,REVENANT,58,54,69,80,66,family,family,
Intel,SSD 540s,120,SATA SSD,SATA 6 Gbps,2.5-inch,https://www.intel.com/content/www/us/en/support/products/35125/memory-and-storage.html,560,480,TLC,False,False,42.0,49,15,68,75,46,SCRAPBLADE,29,22,26,52,44,family,family,
Intel,SSD 540s,180,SATA SSD,SATA 6 Gbps,2.5-inch,https://www.intel.com/content/www/us/en/support/products/35125/memory-and-storage.html,560,480,TLC,False,False,63.0,49,35,68,75,52,SCRAPBLADE,29,29,42,58,51,family,family,
Intel,SSD 540s,240,SATA SSD,SATA 6 Gbps,2.5-inch,https://www.intel.com/content/www/us/en/support/products/35125/memory-and-storage.html,560,480,TLC,False,False,84.0,49,35,68,75,52,SCRAPWRAITH,54,29,42,58,51,family,family,
Intel,SSD 540s,360,SATA SSD,SATA 6 Gbps,2.5-inch,https://www.intel.com/content/www/us/en/support/products/35125/memory-and-storage.html,560,480,TLC,False,False,126.0,49,65,68,75,61,REVENANT,54,40,66,67,61,family,family,
Intel,SSD 540s,480,SATA SSD,SATA 6 Gbps,2.5-inch,https://www.intel.com/content/www/us/en/support/products/35125/memory-and-storage.html,560,480,TLC,False,False,168.0,49,65,68,75,61,REVENANT,54,55,66,67,61,family,family,
Intel,SSD 540s,1000,SATA SSD,SATA 6 Gbps,2.5-inch,https://www.intel.com/content/www/us/en/support/products/35125/memory-and-storage.html,560,480,TLC,False,False,350.0,49,85,68,75,67,REVENANT,54,62,82,73,67,family,family,
Intel,SSD 545s,128,SATA SSD,SATA 6 Gbps,2.5-inch,https://www.intel.com/content/www/us/en/support/products/35125/memory-and-storage.html,550,500,TLC,True,False,64.0,55,15,82,75,52,SCRAPWRAITH,37,26,28,62,51,family,family,
Intel,SSD 545s,256,SATA SSD,SATA 6 Gbps,2.5-inch,https://www.intel.com/content/www/us/en/support/products/35125/memory-and-storage.html,550,500,TLC,True,False,128.0,55,35,82,75,58,REVENANT,62,33,44,68,57,family,family,
Intel,SSD 545s,512,SATA SSD,SATA 6 Gbps,2.5-inch,https://www.intel.com/content/www/us/en/support/products/35125/memory-and-storage.html,550,500,TLC,True,False,256.0,55,65,82,75,67,REVENANT,62,58,68,77,67,family,family,
Intel,SSD 545s,1000,SATA SSD,SATA 6 Gbps,2.5-inch,https://www.intel.com/content/www/us/en/support/products/35125/memory-and-storage.html,550,500,TLC,True,False,500.0,55,85,82,75,73,GHOUL,62,66,84,83,74,family,family,
Kingston,A400,120,SATA SSD,SATA 6 Gbps,2.5-inch,https://www.kingston.com/en/support/technical/category/ssd,500,450,TLC/QLC,False,False,36.0,45,15,55,60,40,SCRAPBLADE,23,19,23,43,38,family,family,
Kingston,A400,240,SATA SSD,SATA 6 Gbps,2.5-inch,https://www.kingston.com/en/support/technical/category/ssd,500,450,TLC/QLC,False,False,72.0,45,35,55,60,46,SCRAPWRAITH,48,27,39,49,45,family,family,
Kingston,A400,480,SATA SSD,SATA 6 Gbps,2.5-inch,https://www.kingston.com/en/support/technical/category/ssd,500,450,TLC/QLC,False,False,144.0,45,65,55,60,55,REVENANT,48,52,63,58,55,family,family,
Kingston,A400,960,SATA SSD,SATA 6 Gbps,2.5-inch,https://www.kingston.com/en/support/technical/category/ssd,500,450,TLC/QLC,False,False,288.0,45,85,55,60,61,REVENANT,48,59,79,64,62,family,family,
Kingston,A400,1920,SATA SSD,SATA 6 Gbps,2.5-inch,https://www.kingston.com/en/support/technical/category/ssd,500,450,TLC/QLC,False,False,576.0,45,100,55,60,66,REVENANT,48,64,91,68,67,family,family,
Kingston,HyperX Fury 3D,120,SATA SSD,SATA 6 Gbps,2.5-inch,https://www.kingston.com/en/support/technical/category/ssd,500,500,TLC,False,False,42.0,48,15,68,75,46,SCRAPBLADE,28,21,26,52,44,family,family,
Kingston,HyperX Fury 3D,240,SATA SSD,SATA 6 Gbps,2.5-inch,https://www.kingston.com/en/support/technical/category/ssd,500,500,TLC,False,False,84.0,48,35,68,75,52,SCRAPWRAITH,53,28,42,58,50,family,family,
Kingston,HyperX Fury 3D,480,SATA SSD,SATA 6 Gbps,2.5-inch,https://www.kingston.com/en/support/technical/category/ssd,500,500,TLC,False,False,168.0,48,65,68,75,61,REVENANT,53,54,66,67,60,family,family,
Kingston,HyperX Fury SSD,120,SATA SSD,SATA 6 Gbps,2.5-inch,https://www.kingston.com/en/support/technical/category/ssd,500,500,MLC,False,False,60.0,48,15,72,75,47,SCRAPBLADE,29,21,26,55,45,family,family,
Kingston,HyperX Fury SSD,240,SATA SSD,SATA 6 Gbps,2.5-inch,https://www.kingston.com/en/support/technical/category/ssd,500,500,MLC,False,False,120.0,48,35,72,75,53,SCRAPWRAITH,54,28,42,61,52,family,family,
Kingston,HyperX Savage,120,SATA SSD,SATA 6 Gbps,2.5-inch,https://www.kingston.com/en/support/technical/category/ssd,560,530,MLC,True,False,96.0,55,15,88,88,55,REVENANT,38,26,30,66,53,family,family,
Kingston,HyperX Savage,240,SATA SSD,SATA 6 Gbps,2.5-inch,https://www.kingston.com/en/support/technical/category/ssd,560,530,MLC,True,False,192.0,55,35,88,88,61,REVENANT,63,33,46,72,59,family,family,
Kingston,HyperX Savage,480,SATA SSD,SATA 6 Gbps,2.5-inch,https://www.kingston.com/en/support/technical/category/ssd,560,530,MLC,True,False,384.0,55,65,88,88,70,GHOUL,63,58,70,81,69,family,family,
Kingston,HyperX Savage,960,SATA SSD,SATA 6 Gbps,2.5-inch,https://www.kingston.com/en/support/technical/category/ssd,560,530,MLC,True,False,768.0,55,85,88,88,76,GHOUL,63,66,86,87,76,family,family,
Kingston,KC400,128,SATA SSD,SATA 6 Gbps,2.5-inch,https://www.kingston.com/en/support/technical/category/ssd,550,530,MLC,True,False,102.4,55,15,90,88,55,REVENANT,39,26,30,68,53,family,family,
Kingston,KC400,256,SATA SSD,SATA 6 Gbps,2.5-inch,https://www.kingston.com/en/support/technical/category/ssd,550,530,MLC,True,False,204.8,55,35,90,88,61,REVENANT,64,33,46,74,60,family,family,
Kingston,KC400,512,SATA SSD,SATA 6 Gbps,2.5-inch,https://www.kingston.com/en/support/technical/category/ssd,550,530,MLC,True,False,409.6,55,65,90,88,70,GHOUL,64,58,70,82,70,family,family,
Kingston,KC400,1000,SATA SSD,SATA 6 Gbps,2.5-inch,https://www.kingston.com/en/support/technical/category/ssd,550,530,MLC,True,False,800.0,55,85,90,88,76,GHOUL,64,66,86,88,77,family,family,
Kingston,KC600,256,SATA SSD,SATA 6 Gbps,2.5-inch,https://www.kingston.com/en/support/technical/category/ssd,550,520,TLC,True,False,153.6,55,35,90,88,61,REVENANT,64,33,46,74,60,family,family,
Kingston,KC600,512,SATA SSD,SATA 6 Gbps,2.5-inch,https://www.kingston.com/en/support/technical/category/ssd,550,520,TLC,True,False,307.2,55,65,90,88,70,GHOUL,64,58,70,82,70,family,family,
Kingston,KC600,1000,SATA SSD,SATA 6 Gbps,2.5-inch,https://www.kingston.com/en/support/technical/category/ssd,550,520,TLC,True,False,600.0,55,85,90,88,76,GHOUL,64,66,86,88,77,family,family,
Kingston,KC600,2000,SATA SSD,SATA 6 Gbps,2.5-inch,https://www.kingston.com/en/support/technical/category/ssd,550,520,TLC,True,False,1200.0,55,100,90,88,81,GHOUL,64,71,98,93,82,family,family,
Kingston,Q500,120,SATA SSD,SATA 6 Gbps,2.5-inch,https://www.kingston.com/en/support/technical/category/ssd,500,450,TLC/QLC,False,False,36.0,45,15,54,60,40,SCRAPBLADE,22,19,23,42,38,family,family,
Kingston,Q500,240,SATA SSD,SATA 6 Gbps,2.5-inch,https://www.kingston.com/en/support/technical/category/ssd,500,450,TLC/QLC,False,False,72.0,45,35,54,60,46,SCRAPWRAITH,47,27,39,48,45,family,family,
Kingston,Q500,480,SATA SSD,SATA 6 Gbps,2.5-inch,https://www.kingston.com/en/support/technical/category/ssd,500,450,TLC/QLC,False,False,144.0,45,65,54,60,55,REVENANT,47,52,63,57,55,family,family,
Kingston,Q500,960,SATA SSD,SATA 6 Gbps,2.5-inch,https://www.kingston.com/en/support/technical/category/ssd,500,450,TLC/QLC,False,False,288.0,45,85,54,60,61,REVENANT,47,59,79,63,61,family,family,
Kingston,Q500,1920,SATA SSD,SATA 6 Gbps,2.5-inch,https://www.kingston.com/en/support/technical/category/ssd,500,450,TLC/QLC,False,False,576.0,45,100,54,60,65,REVENANT,47,64,91,68,66,family,family,
Kingston,SSDNow UV400,120,SATA SSD,SATA 6 Gbps,2.5-inch,https://www.kingston.com/en/support/technical/category/ssd,550,500,TLC,False,False,30.0,52,15,61,60,44,SCRAPBLADE,29,24,24,47,43,family,family,
Kingston,SSDNow UV400,240,SATA SSD,SATA 6 Gbps,2.5-inch,https://www.kingston.com/en/support/technical/category/ssd,550,500,TLC,False,False,60.0,52,35,61,60,50,SCRAPWRAITH,54,31,40,53,49,family,family,
Kingston,SSDNow UV400,480,SATA SSD,SATA 6 Gbps,2.5-inch,https://www.kingston.com/en/support/technical/category/ssd,550,500,TLC,False,False,120.0,52,65,61,60,59,REVENANT,54,57,64,62,59,family,family,
Kingston,SSDNow UV400,960,SATA SSD,SATA 6 Gbps,2.5-inch,https://www.kingston.com/en/support/technical/category/ssd,550,500,TLC,False,False,240.0,52,85,61,60,65,REVENANT,54,64,80,68,66,family,family,
Kingston,SSDNow V300,60,SATA SSD,SATA 6 Gbps,2.5-inch,https://www.kingston.com/en/support/technical/category/ssd,450,450,MLC/TLC,False,False,18.0,45,15,55,45,38,SCRAPBLADE,23,19,23,43,38,family,family,
Kingston,SSDNow V300,120,SATA SSD,SATA 6 Gbps,2.5-inch,https://www.kingston.com/en/support/technical/category/ssd,450,450,MLC/TLC,False,False,36.0,45,15,55,60,40,SCRAPBLADE,23,19,23,43,38,family,family,
Kingston,SSDNow V300,240,SATA SSD,SATA 6 Gbps,2.5-inch,https://www.kingston.com/en/support/technical/category/ssd,450,450,MLC/TLC,False,False,72.0,45,35,55,60,46,SCRAPWRAITH,48,27,39,49,45,family,family,
Kingston,SSDNow V300,480,SATA SSD,SATA 6 Gbps,2.5-inch,https://www.kingston.com/en/support/technical/category/ssd,450,450,MLC/TLC,False,False,144.0,45,65,55,60,55,REVENANT,48,52,63,58,55,family,family,
Kingston,UV500,120,SATA SSD,SATA 6 Gbps,2.5-inch,https://www.kingston.com/en/support/technical/category/ssd,520,500,TLC,True,False,48.0,51,15,72,75,48,SCRAPWRAITH,31,23,26,55,46,family,family,
Kingston,UV500,240,SATA SSD,SATA 6 Gbps,2.5-inch,https://www.kingston.com/en/support/technical/category/ssd,520,500,TLC,True,False,96.0,51,35,72,75,54,SCRAPWRAITH,56,30,42,61,53,family,family,
Kingston,UV500,480,SATA SSD,SATA 6 Gbps,2.5-inch,https://www.kingston.com/en/support/technical/category/ssd,520,500,TLC,True,False,192.0,51,65,72,75,63,REVENANT,56,56,66,70,63,family,family,
Kingston,UV500,960,SATA SSD,SATA 6 Gbps,2.5-inch,https://www.kingston.com/en/support/technical/category/ssd,520,500,TLC,True,False,384.0,51,85,72,75,69,REVENANT,56,63,82,76,69,family,family,
Kingston,UV500,1920,SATA SSD,SATA 6 Gbps,2.5-inch,https://www.kingston.com/en/support/technical/category/ssd,520,500,TLC,True,False,768.0,51,100,72,75,73,GHOUL,56,68,94,80,74,family,family,
Kioxia/Toshiba,EXCERIA SATA,240,SATA SSD,SATA 6 Gbps,2.5-inch,https://europe.kioxia.com/en-europe/personal/support/download/ssd.html,555,540,TLC,False,False,72.0,52,35,66,60,51,SCRAPWRAITH,56,31,41,57,51,family,family,
Kioxia/Toshiba,EXCERIA SATA,480,SATA SSD,SATA 6 Gbps,2.5-inch,https://europe.kioxia.com/en-europe/personal/support/download/ssd.html,555,540,TLC,False,False,144.0,52,65,66,60,60,REVENANT,56,57,65,66,61,family,family,
Kioxia/Toshiba,EXCERIA SATA,960,SATA SSD,SATA 6 Gbps,2.5-inch,https://europe.kioxia.com/en-europe/personal/support/download/ssd.html,555,540,TLC,False,False,288.0,52,85,66,60,66,REVENANT,56,64,81,72,68,family,family,
Kioxia/Toshiba,OCZ Trion 100,120,SATA SSD,SATA 6 Gbps,2.5-inch,https://europe.kioxia.com/en-europe/personal/support/download/ssd.html,550,530,TLC,False,False,28.8,52,15,58,60,43,SCRAPBLADE,29,24,24,45,42,family,family,
Kioxia/Toshiba,OCZ Trion 100,240,SATA SSD,SATA 6 Gbps,2.5-inch,https://europe.kioxia.com/en-europe/personal/support/download/ssd.html,550,530,TLC,False,False,57.6,52,35,58,60,49,SCRAPWRAITH,54,31,40,51,48,family,family,
Kioxia/Toshiba,OCZ Trion 100,480,SATA SSD,SATA 6 Gbps,2.5-inch,https://europe.kioxia.com/en-europe/personal/support/download/ssd.html,550,530,TLC,False,False,115.2,52,65,58,60,58,REVENANT,54,57,64,60,58,family,family,
Kioxia/Toshiba,OCZ Trion 100,960,SATA SSD,SATA 6 Gbps,2.5-inch,https://europe.kioxia.com/en-europe/personal/support/download/ssd.html,550,530,TLC,False,False,230.4,52,85,58,60,64,REVENANT,54,64,80,66,65,family,family,
Kioxia/Toshiba,OCZ Trion 150,120,SATA SSD,SATA 6 Gbps,2.5-inch,https://europe.kioxia.com/en-europe/personal/support/download/ssd.html,550,530,TLC,False,False,28.8,52,15,62,60,44,SCRAPBLADE,29,24,24,48,43,family,family,
Kioxia/Toshiba,OCZ Trion 150,240,SATA SSD,SATA 6 Gbps,2.5-inch,https://europe.kioxia.com/en-europe/personal/support/download/ssd.html,550,530,TLC,False,False,57.6,52,35,62,60,50,SCRAPWRAITH,54,31,40,54,50,family,family,
Kioxia/Toshiba,OCZ Trion 150,480,SATA SSD,SATA 6 Gbps,2.5-inch,https://europe.kioxia.com/en-europe/personal/support/download/ssd.html,550,530,TLC,False,False,115.2,52,65,62,60,59,REVENANT,54,57,64,63,60,family,family,
Kioxia/Toshiba,OCZ Trion 150,960,SATA SSD,SATA 6 Gbps,2.5-inch,https://europe.kioxia.com/en-europe/personal/support/download/ssd.html,550,530,TLC,False,False,230.4,52,85,62,60,65,REVENANT,54,64,80,69,66,family,family,
Kioxia/Toshiba,OCZ VX500,128,SATA SSD,SATA 6 Gbps,2.5-inch,https://europe.kioxia.com/en-europe/personal/support/download/ssd.html,550,515,MLC,True,False,102.4,55,15,90,88,55,REVENANT,39,26,30,68,53,family,family,
Kioxia/Toshiba,OCZ VX500,256,SATA SSD,SATA 6 Gbps,2.5-inch,https://europe.kioxia.com/en-europe/personal/support/download/ssd.html,550,515,MLC,True,False,204.8,55,35,90,88,61,REVENANT,64,33,46,74,60,family,family,
Kioxia/Toshiba,OCZ VX500,512,SATA SSD,SATA 6 Gbps,2.5-inch,https://europe.kioxia.com/en-europe/personal/support/download/ssd.html,550,515,MLC,True,False,409.6,55,65,90,88,70,GHOUL,64,58,70,82,70,family,family,
Kioxia/Toshiba,OCZ VX500,1024,SATA SSD,SATA 6 Gbps,2.5-inch,https://europe.kioxia.com/en-europe/personal/support/download/ssd.html,550,515,MLC,True,False,819.2,55,85,90,88,76,GHOUL,64,66,86,88,77,family,family,
Kioxia/Toshiba,OCZ Vector 180,120,SATA SSD,SATA 6 Gbps,2.5-inch,https://europe.kioxia.com/en-europe/personal/support/download/ssd.html,550,530,MLC,True,False,96.0,55,15,90,88,55,REVENANT,39,26,30,68,53,family,family,
Kioxia/Toshiba,OCZ Vector 180,240,SATA SSD,SATA 6 Gbps,2.5-inch,https://europe.kioxia.com/en-europe/personal/support/download/ssd.html,550,530,MLC,True,False,192.0,55,35,90,88,61,REVENANT,64,33,46,74,60,family,family,
Kioxia/Toshiba,OCZ Vector 180,480,SATA SSD,SATA 6 Gbps,2.5-inch,https://europe.kioxia.com/en-europe/personal/support/download/ssd.html,550,530,MLC,True,False,384.0,55,65,90,88,70,GHOUL,64,58,70,82,70,family,family,
Kioxia/Toshiba,OCZ Vector 180,960,SATA SSD,SATA 6 Gbps,2.5-inch,https://europe.kioxia.com/en-europe/personal/support/download/ssd.html,550,530,MLC,True,False,768.0,55,85,90,88,76,GHOUL,64,66,86,88,77,family,family,
Kioxia/Toshiba,Toshiba TR200,240,SATA SSD,SATA 6 Gbps,2.5-inch,https://europe.kioxia.com/en-europe/personal/support/download/ssd.html,555,540,TLC,False,False,60.0,52,35,64,60,51,SCRAPWRAITH,55,31,41,55,50,family,family,
Kioxia/Toshiba,Toshiba TR200,480,SATA SSD,SATA 6 Gbps,2.5-inch,https://europe.kioxia.com/en-europe/personal/support/download/ssd.html,555,540,TLC,False,False,120.0,52,65,64,60,60,REVENANT,55,57,65,64,60,family,family,
Kioxia/Toshiba,Toshiba TR200,960,SATA SSD,SATA 6 Gbps,2.5-inch,https://europe.kioxia.com/en-europe/personal/support/download/ssd.html,555,540,TLC,False,False,240.0,52,85,64,60,66,REVENANT,55,64,81,70,67,family,family,
Lexar,NM100 M.2 SATA,128,SATA SSD,SATA 6 Gbps,M.2 2280,https://www.lexar.com/support/,550,500,TLC,False,False,38.4,52,15,62,60,44,SCRAPBLADE,29,24,24,48,43,family,family,
Lexar,NM100 M.2 SATA,256,SATA SSD,SATA 6 Gbps,M.2 2280,https://www.lexar.com/support/,550,500,TLC,False,False,76.8,52,35,62,60,50,SCRAPWRAITH,54,31,40,54,50,family,family,
Lexar,NM100 M.2 SATA,512,SATA SSD,SATA 6 Gbps,M.2 2280,https://www.lexar.com/support/,550,500,TLC,False,False,153.6,52,65,62,60,59,REVENANT,54,57,64,63,60,family,family,
Lexar,NM100 M.2 SATA,1000,SATA SSD,SATA 6 Gbps,M.2 2280,https://www.lexar.com/support/,550,500,TLC,False,False,300.0,52,85,62,60,65,REVENANT,54,64,80,69,66,family,family,
Lexar,NQ100,240,SATA SSD,SATA 6 Gbps,2.5-inch,https://www.lexar.com/support/,550,500,QLC,False,False,48.0,52,35,52,60,48,SCRAPWRAITH,52,31,38,47,46,family,family,
Lexar,NQ100,480,SATA SSD,SATA 6 Gbps,2.5-inch,https://www.lexar.com/support/,550,500,QLC,False,False,96.0,52,65,52,60,57,REVENANT,52,57,62,56,56,family,family,
Lexar,NQ100,960,SATA SSD,SATA 6 Gbps,2.5-inch,https://www.lexar.com/support/,550,500,QLC,False,False,192.0,52,85,52,60,63,REVENANT,52,64,78,62,63,family,family,
Lexar,NQ100,1920,SATA SSD,SATA 6 Gbps,2.5-inch,https://www.lexar.com/support/,550,500,QLC,False,False,384.0,52,100,52,60,67,REVENANT,52,69,90,66,68,family,family,
Lexar,NS100,128,SATA SSD,SATA 6 Gbps,2.5-inch,https://www.lexar.com/support/,550,500,TLC,False,False,38.4,52,15,60,60,44,SCRAPBLADE,29,24,24,46,42,family,family,
Lexar,NS100,256,SATA SSD,SATA 6 Gbps,2.5-inch,https://www.lexar.com/support/,550,500,TLC,False,False,76.8,52,35,60,60,50,SCRAPWRAITH,54,31,40,52,49,family,family,
Lexar,NS100,512,SATA SSD,SATA 6 Gbps,2.5-inch,https://www.lexar.com/support/,550,500,TLC,False,False,153.6,52,65,60,60,59,REVENANT,54,57,64,62,59,family,family,
Lexar,NS100,1000,SATA SSD,SATA 6 Gbps,2.5-inch,https://www.lexar.com/support/,550,500,TLC,False,False,300.0,52,85,60,60,65,REVENANT,54,64,80,68,66,family,family,
Lexar,NS100,2000,SATA SSD,SATA 6 Gbps,2.5-inch,https://www.lexar.com/support/,550,500,TLC,False,False,600.0,52,100,60,60,69,REVENANT,54,69,92,72,71,family,family,
PNY,CS1311,120,SATA SSD,SATA 6 Gbps,2.5-inch,https://www.pny.com/company/support/solid-state-drives,550,520,TLC,False,False,48.0,52,15,72,75,48,SCRAPWRAITH,32,24,26,55,46,family,family,
PNY,CS1311,240,SATA SSD,SATA 6 Gbps,2.5-inch,https://www.pny.com/company/support/solid-state-drives,550,520,TLC,False,False,96.0,52,35,72,75,54,SCRAPWRAITH,57,31,42,61,53,family,family,
PNY,CS1311,480,SATA SSD,SATA 6 Gbps,2.5-inch,https://www.pny.com/company/support/solid-state-drives,550,520,TLC,False,False,192.0,52,65,72,75,63,REVENANT,57,57,66,70,63,family,family,
PNY,CS1311,960,SATA SSD,SATA 6 Gbps,2.5-inch,https://www.pny.com/company/support/solid-state-drives,550,520,TLC,False,False,384.0,52,85,72,75,69,REVENANT,57,64,82,76,70,family,family,
PNY,CS2211,240,SATA SSD,SATA 6 Gbps,2.5-inch,https://www.pny.com/company/support/solid-state-drives,565,540,MLC,True,False,192.0,55,35,88,88,61,REVENANT,63,33,46,72,59,family,family,
PNY,CS2211,480,SATA SSD,SATA 6 Gbps,2.5-inch,https://www.pny.com/company/support/solid-state-drives,565,540,MLC,True,False,384.0,55,65,88,88,70,GHOUL,63,58,70,81,69,family,family,
PNY,CS2211,960,SATA SSD,SATA 6 Gbps,2.5-inch,https://www.pny.com/company/support/solid-state-drives,565,540,MLC,True,False,768.0,55,85,88,88,76,GHOUL,63,66,86,87,76,family,family,
PNY,CS900,120,SATA SSD,SATA 6 Gbps,2.5-inch,https://www.pny.com/company/support/solid-state-drives,550,515,TLC/QLC,False,False,36.0,52,15,58,60,43,SCRAPBLADE,29,24,24,45,42,family,family,
PNY,CS900,240,SATA SSD,SATA 6 Gbps,2.5-inch,https://www.pny.com/company/support/solid-state-drives,550,515,TLC/QLC,False,False,72.0,52,35,58,60,49,SCRAPWRAITH,54,31,40,51,48,family,family,
PNY,CS900,250,SATA SSD,SATA 6 Gbps,2.5-inch,https://www.pny.com/company/support/solid-state-drives,550,515,TLC/QLC,False,False,75.0,52,35,58,60,49,SCRAPWRAITH,54,31,40,51,48,family,family,
PNY,CS900,480,SATA SSD,SATA 6 Gbps,2.5-inch,https://www.pny.com/company/support/solid-state-drives,550,515,TLC/QLC,False,False,144.0,52,65,58,60,58,REVENANT,54,57,64,60,58,family,family,
PNY,CS900,500,SATA SSD,SATA 6 Gbps,2.5-inch,https://www.pny.com/company/support/solid-state-drives,550,515,TLC/QLC,False,False,150.0,52,65,58,60,58,REVENANT,54,57,64,60,58,family,family,
PNY,CS900,960,SATA SSD,SATA 6 Gbps,2.5-inch,https://www.pny.com/company/support/solid-state-drives,550,515,TLC/QLC,False,False,288.0,52,85,58,60,64,REVENANT,54,64,80,66,65,family,family,
PNY,CS900,1000,SATA SSD,SATA 6 Gbps,2.5-inch,https://www.pny.com/company/support/solid-state-drives,550,515,TLC/QLC,False,False,300.0,52,85,58,60,64,REVENANT,54,64,80,66,65,family,family,
PNY,CS900,2000,SATA SSD,SATA 6 Gbps,2.5-inch,https://www.pny.com/company/support/solid-state-drives,550,515,TLC/QLC,False,False,600.0,52,100,58,60,69,REVENANT,54,69,92,71,70,family,family,
PNY,CS900,4000,SATA SSD,SATA 6 Gbps,2.5-inch,https://www.pny.com/company/support/solid-state-drives,550,515,TLC/QLC,False,False,1200.0,52,100,58,60,69,REVENANT,54,69,92,71,70,family,family,
Patriot,Blast,120,SATA SSD,SATA 6 Gbps,2.5-inch,https://support.patriotmemory.com/,555,500,TLC,False,False,36.0,52,15,60,60,44,SCRAPBLADE,29,24,24,46,42,family,family,
Patriot,Blast,240,SATA SSD,SATA 6 Gbps,2.5-inch,https://support.patriotmemory.com/,555,500,TLC,False,False,72.0,52,35,60,60,50,SCRAPWRAITH,54,31,40,52,49,family,family,
Patriot,Blast,480,SATA SSD,SATA 6 Gbps,2.5-inch,https://support.patriotmemory.com/,555,500,TLC,False,False,144.0,52,65,60,60,59,REVENANT,54,57,64,62,59,family,family,
Patriot,Blast,960,SATA SSD,SATA 6 Gbps,2.5-inch,https://support.patriotmemory.com/,555,500,TLC,False,False,288.0,52,85,60,60,65,REVENANT,54,64,80,68,66,family,family,
Patriot,Burst,120,SATA SSD,SATA 6 Gbps,2.5-inch,https://support.patriotmemory.com/,560,540,TLC,False,False,36.0,52,15,58,60,43,SCRAPBLADE,29,24,24,45,42,family,family,
Patriot,Burst,240,SATA SSD,SATA 6 Gbps,2.5-inch,https://support.patriotmemory.com/,560,540,TLC,False,False,72.0,52,35,58,60,49,SCRAPWRAITH,54,31,40,51,48,family,family,
Patriot,Burst,480,SATA SSD,SATA 6 Gbps,2.5-inch,https://support.patriotmemory.com/,560,540,TLC,False,False,144.0,52,65,58,60,58,REVENANT,54,57,64,60,58,family,family,
Patriot,Burst,960,SATA SSD,SATA 6 Gbps,2.5-inch,https://support.patriotmemory.com/,560,540,TLC,False,False,288.0,52,85,58,60,64,REVENANT,54,64,80,66,65,family,family,
Patriot,Burst Elite,120,SATA SSD,SATA 6 Gbps,2.5-inch,https://support.patriotmemory.com/,450,320,TLC/QLC,False,False,30.0,45,15,54,60,40,SCRAPBLADE,22,19,23,42,38,family,family,
Patriot,Burst Elite,240,SATA SSD,SATA 6 Gbps,2.5-inch,https://support.patriotmemory.com/,450,320,TLC/QLC,False,False,60.0,45,35,54,60,46,SCRAPWRAITH,47,27,39,48,45,family,family,
Patriot,Burst Elite,480,SATA SSD,SATA 6 Gbps,2.5-inch,https://support.patriotmemory.com/,450,320,TLC/QLC,False,False,120.0,45,65,54,60,55,REVENANT,47,52,63,57,55,family,family,
Patriot,Burst Elite,960,SATA SSD,SATA 6 Gbps,2.5-inch,https://support.patriotmemory.com/,450,320,TLC/QLC,False,False,240.0,45,85,54,60,61,REVENANT,47,59,79,63,61,family,family,
Patriot,Burst Elite,1920,SATA SSD,SATA 6 Gbps,2.5-inch,https://support.patriotmemory.com/,450,320,TLC/QLC,False,False,480.0,45,100,54,60,65,REVENANT,47,64,91,68,66,family,family,
Patriot,P200,256,SATA SSD,SATA 6 Gbps,2.5-inch,https://support.patriotmemory.com/,530,460,TLC,False,False,76.8,45,35,60,60,47,SCRAPWRAITH,49,27,40,52,47,family,family,
Patriot,P200,512,SATA SSD,SATA 6 Gbps,2.5-inch,https://support.patriotmemory.com/,530,460,TLC,False,False,153.6,45,65,60,60,56,REVENANT,49,52,64,62,57,family,family,
Patriot,P200,1000,SATA SSD,SATA 6 Gbps,2.5-inch,https://support.patriotmemory.com/,530,460,TLC,False,False,300.0,45,85,60,60,62,REVENANT,49,59,80,68,63,family,family,
Patriot,P200,2000,SATA SSD,SATA 6 Gbps,2.5-inch,https://support.patriotmemory.com/,530,460,TLC,False,False,600.0,45,100,60,60,67,REVENANT,49,64,92,72,68,family,family,
Patriot,P210,256,SATA SSD,SATA 6 Gbps,2.5-inch,https://support.patriotmemory.com/,520,430,TLC/QLC,False,False,64.0,45,35,55,60,46,SCRAPWRAITH,48,27,39,49,45,family,family,
Patriot,P210,512,SATA SSD,SATA 6 Gbps,2.5-inch,https://support.patriotmemory.com/,520,430,TLC/QLC,False,False,128.0,45,65,55,60,55,REVENANT,48,52,63,58,55,family,family,
Patriot,P210,1000,SATA SSD,SATA 6 Gbps,2.5-inch,https://support.patriotmemory.com/,520,430,TLC/QLC,False,False,250.0,45,85,55,60,61,REVENANT,48,59,79,64,62,family,family,
Patriot,P210,2000,SATA SSD,SATA 6 Gbps,2.5-inch,https://support.patriotmemory.com/,520,430,TLC/QLC,False,False,500.0,45,100,55,60,66,REVENANT,48,64,91,68,67,family,family,
Patriot,P210,4000,SATA SSD,SATA 6 Gbps,2.5-inch,https://support.patriotmemory.com/,520,430,TLC/QLC,False,False,1000.0,45,100,55,60,66,REVENANT,48,64,91,68,67,family,family,
Patriot,P220,256,SATA SSD,SATA 6 Gbps,2.5-inch,https://support.patriotmemory.com/,550,500,TLC,False,False,76.8,52,35,60,60,50,SCRAPWRAITH,54,31,40,52,49,family,family,
Patriot,P220,512,SATA SSD,SATA 6 Gbps,2.5-inch,https://support.patriotmemory.com/,550,500,TLC,False,False,153.6,52,65,60,60,59,REVENANT,54,57,64,62,59,family,family,
Patriot,P220,1000,SATA SSD,SATA 6 Gbps,2.5-inch,https://support.patriotmemory.com/,550,500,TLC,False,False,300.0,52,85,60,60,65,REVENANT,54,64,80,68,66,family,family,
Patriot,P220,2000,SATA SSD,SATA 6 Gbps,2.5-inch,https://support.patriotmemory.com/,550,500,TLC,False,False,600.0,52,100,60,60,69,REVENANT,54,69,92,72,71,family,family,
SK hynix,Gold S31,250,SATA SSD,SATA 6 Gbps,2.5-inch,https://ssd.skhynix.com/,560,525,TLC,True,False,150.0,55,35,90,88,61,REVENANT,64,33,46,74,60,family,family,
SK hynix,Gold S31,500,SATA SSD,SATA 6 Gbps,2.5-inch,https://ssd.skhynix.com/,560,525,TLC,True,False,300.0,55,65,90,88,70,GHOUL,64,58,70,82,70,family,family,
SK hynix,Gold S31,1000,SATA SSD,SATA 6 Gbps,2.5-inch,https://ssd.skhynix.com/,560,525,TLC,True,False,600.0,55,85,90,88,76,GHOUL,64,66,86,88,77,family,family,
Samsung,750 EVO,120,SATA SSD,SATA 6 Gbps,2.5-inch,https://semiconductor.samsung.com/consumer-storage/support/documents/,540,520,TLC,True,False,30.0,51,15,72,60,46,SCRAPWRAITH,31,23,26,55,46,verified-family,family,
Samsung,750 EVO,250,SATA SSD,SATA 6 Gbps,2.5-inch,https://semiconductor.samsung.com/consumer-storage/support/documents/,540,520,TLC,True,False,62.5,51,35,72,60,52,SCRAPWRAITH,56,30,42,61,53,verified-family,family,
Samsung,750 EVO,500,SATA SSD,SATA 6 Gbps,2.5-inch,https://semiconductor.samsung.com/consumer-storage/support/documents/,540,520,TLC,True,False,125.0,51,65,72,60,61,REVENANT,56,56,66,70,63,verified-family,family,
Samsung,840,120,SATA SSD,SATA 6 Gbps,2.5-inch,https://semiconductor.samsung.com/consumer-storage/support/documents/,530,250,TLC,True,False,36.0,48,15,70,60,45,SCRAPBLADE,29,21,26,54,44,verified-family,family,
Samsung,840,250,SATA SSD,SATA 6 Gbps,2.5-inch,https://semiconductor.samsung.com/consumer-storage/support/documents/,530,250,TLC,True,False,75.0,48,35,70,60,51,SCRAPWRAITH,54,28,42,60,51,verified-family,family,
Samsung,840,500,SATA SSD,SATA 6 Gbps,2.5-inch,https://semiconductor.samsung.com/consumer-storage/support/documents/,530,250,TLC,True,False,150.0,48,65,70,60,60,REVENANT,54,54,66,68,61,verified-family,family,
Samsung,840 EVO,120,SATA SSD,SATA 6 Gbps,2.5-inch,https://semiconductor.samsung.com/consumer-storage/support/documents/,540,520,TLC,True,False,36.0,51,15,76,60,47,SCRAPWRAITH,32,23,27,58,47,verified-family,family,
Samsung,840 EVO,250,SATA SSD,SATA 6 Gbps,2.5-inch,https://semiconductor.samsung.com/consumer-storage/support/documents/,540,520,TLC,True,False,75.0,51,35,76,60,53,SCRAPWRAITH,57,30,43,64,54,verified-family,family,
Samsung,840 EVO,500,SATA SSD,SATA 6 Gbps,2.5-inch,https://semiconductor.samsung.com/consumer-storage/support/documents/,540,520,TLC,True,False,150.0,51,65,76,60,62,REVENANT,57,56,67,73,64,verified-family,family,
Samsung,840 EVO,750,SATA SSD,SATA 6 Gbps,2.5-inch,https://semiconductor.samsung.com/consumer-storage/support/documents/,540,520,TLC,True,False,225.0,51,85,76,60,68,REVENANT,57,63,83,79,71,verified-family,family,
Samsung,840 EVO,1000,SATA SSD,SATA 6 Gbps,2.5-inch,https://semiconductor.samsung.com/consumer-storage/support/documents/,540,520,TLC,True,False,300.0,51,85,76,60,68,REVENANT,57,63,83,79,71,verified-family,family,
Samsung,840 PRO,128,SATA SSD,SATA 6 Gbps,2.5-inch,https://semiconductor.samsung.com/consumer-storage/support/documents/,540,520,MLC,True,False,115.2,51,15,88,88,53,SCRAPWRAITH,35,23,30,66,51,verified-family,family,
Samsung,840 PRO,256,SATA SSD,SATA 6 Gbps,2.5-inch,https://semiconductor.samsung.com/consumer-storage/support/documents/,540,520,MLC,True,False,230.4,51,35,88,88,59,REVENANT,60,30,46,72,58,verified-family,family,
Samsung,840 PRO,512,SATA SSD,SATA 6 Gbps,2.5-inch,https://semiconductor.samsung.com/consumer-storage/support/documents/,540,520,MLC,True,False,460.8,51,65,88,88,68,REVENANT,60,56,70,81,68,verified-family,family,
Samsung,850 EVO,120,SATA SSD,SATA 6 Gbps,2.5-inch,https://semiconductor.samsung.com/consumer-storage/support/documents/,540,520,TLC,True,False,36.0,51,15,84,60,49,SCRAPWRAITH,34,23,29,63,50,verified-family,family,
Samsung,850 EVO,250,SATA SSD,SATA 6 Gbps,2.5-inch,https://semiconductor.samsung.com/consumer-storage/support/documents/,540,520,TLC,True,False,75.0,51,35,84,60,55,REVENANT,59,30,45,69,57,verified-family,family,
Samsung,850 EVO,500,SATA SSD,SATA 6 Gbps,2.5-inch,https://semiconductor.samsung.com/consumer-storage/support/documents/,540,520,TLC,True,False,150.0,51,65,84,60,64,REVENANT,59,56,69,78,67,verified-family,family,
Samsung,850 EVO,1000,SATA SSD,SATA 6 Gbps,2.5-inch,https://semiconductor.samsung.com/consumer-storage/support/documents/,540,520,TLC,True,False,300.0,51,85,84,60,70,GHOUL,59,63,85,84,73,verified-family,family,
Samsung,850 EVO,2000,SATA SSD,SATA 6 Gbps,2.5-inch,https://semiconductor.samsung.com/consumer-storage/support/documents/,540,520,TLC,True,False,600.0,51,100,84,60,75,GHOUL,59,68,97,89,78,verified-family,family,
Samsung,850 EVO,4000,SATA SSD,SATA 6 Gbps,2.5-inch,https://semiconductor.samsung.com/consumer-storage/support/documents/,540,520,TLC,True,False,1200.0,51,100,84,60,75,GHOUL,59,68,97,89,78,verified-family,family,
Samsung,850 PRO,128,SATA SSD,SATA 6 Gbps,2.5-inch,https://semiconductor.samsung.com/consumer-storage/support/documents/,550,520,MLC,True,False,153.6,55,15,95,100,58,REVENANT,40,26,31,71,55,verified-family,family,
Samsung,850 PRO,256,SATA SSD,SATA 6 Gbps,2.5-inch,https://semiconductor.samsung.com/consumer-storage/support/documents/,550,520,MLC,True,False,307.2,55,35,95,100,64,REVENANT,65,33,47,77,62,verified-family,family,
Samsung,850 PRO,512,SATA SSD,SATA 6 Gbps,2.5-inch,https://semiconductor.samsung.com/consumer-storage/support/documents/,550,520,MLC,True,False,614.4,55,65,95,100,72,GHOUL,65,58,71,86,72,verified-family,family,
Samsung,850 PRO,1000,SATA SSD,SATA 6 Gbps,2.5-inch,https://semiconductor.samsung.com/consumer-storage/support/documents/,550,520,MLC,True,False,1200.0,55,85,95,100,78,GHOUL,65,66,87,92,78,verified-family,family,
Samsung,850 PRO,2000,SATA SSD,SATA 6 Gbps,2.5-inch,https://semiconductor.samsung.com/consumer-storage/support/documents/,550,520,MLC,True,False,2400.0,55,100,95,100,83,GHOUL,65,71,99,96,83,verified-family,family,
Samsung,850 PRO,4000,SATA SSD,SATA 6 Gbps,2.5-inch,https://semiconductor.samsung.com/consumer-storage/support/documents/,550,520,MLC,True,False,4800.0,55,100,95,100,83,GHOUL,65,71,99,96,83,verified-family,family,
Samsung,860 EVO,250,SATA SSD,SATA 6 Gbps,2.5-inch,https://semiconductor.samsung.com/consumer-storage/support/documents/,550,520,TLC,True,False,150.0,55,35,88,88,61,REVENANT,63,33,46,72,59,verified-family,family,
Samsung,860 EVO,500,SATA SSD,SATA 6 Gbps,2.5-inch,https://semiconductor.samsung.com/consumer-storage/support/documents/,550,520,TLC,True,False,300.0,55,65,88,88,70,GHOUL,63,58,70,81,69,verified-family,family,
Samsung,860 EVO,1000,SATA SSD,SATA 6 Gbps,2.5-inch,https://semiconductor.samsung.com/consumer-storage/support/documents/,550,520,TLC,True,False,600.0,55,85,88,88,76,GHOUL,63,66,86,87,76,verified-family,family,
Samsung,860 EVO,2000,SATA SSD,SATA 6 Gbps,2.5-inch,https://semiconductor.samsung.com/consumer-storage/support/documents/,550,520,TLC,True,False,1200.0,55,100,88,88,80,GHOUL,63,71,98,92,81,verified-family,family,
Samsung,860 EVO,4000,SATA SSD,SATA 6 Gbps,2.5-inch,https://semiconductor.samsung.com/consumer-storage/support/documents/,550,520,TLC,True,False,2400.0,55,100,88,88,80,GHOUL,63,71,98,92,81,verified-family,family,
Samsung,860 PRO,256,SATA SSD,SATA 6 Gbps,2.5-inch,https://semiconductor.samsung.com/consumer-storage/support/documents/,560,530,MLC,True,False,307.2,55,35,96,100,64,REVENANT,65,33,47,78,62,verified-family,family,
Samsung,860 PRO,512,SATA SSD,SATA 6 Gbps,2.5-inch,https://semiconductor.samsung.com/consumer-storage/support/documents/,560,530,MLC,True,False,614.4,55,65,96,100,73,GHOUL,65,58,71,87,72,verified-family,family,
Samsung,860 PRO,1000,SATA SSD,SATA 6 Gbps,2.5-inch,https://semiconductor.samsung.com/consumer-storage/support/documents/,560,530,MLC,True,False,1200.0,55,85,96,100,79,GHOUL,65,66,87,93,79,verified-family,family,
Samsung,860 PRO,2000,SATA SSD,SATA 6 Gbps,2.5-inch,https://semiconductor.samsung.com/consumer-storage/support/documents/,560,530,MLC,True,False,2400.0,55,100,96,100,83,GHOUL,65,71,99,97,84,verified-family,family,
Samsung,860 PRO,4000,SATA SSD,SATA 6 Gbps,2.5-inch,https://semiconductor.samsung.com/consumer-storage/support/documents/,560,530,MLC,True,False,4800.0,55,100,96,100,83,GHOUL,65,71,99,97,84,verified-family,family,
Samsung,860 QVO,1000,SATA SSD,SATA 6 Gbps,2.5-inch,https://semiconductor.samsung.com/consumer-storage/support/documents/,550,520,QLC,True,False,360.0,55,85,68,75,69,REVENANT,58,66,82,73,69,verified-family,family,
Samsung,860 QVO,2000,SATA SSD,SATA 6 Gbps,2.5-inch,https://semiconductor.samsung.com/consumer-storage/support/documents/,550,520,QLC,True,False,720.0,55,100,68,75,74,GHOUL,58,71,94,78,74,verified-family,family,
Samsung,860 QVO,4000,SATA SSD,SATA 6 Gbps,2.5-inch,https://semiconductor.samsung.com/consumer-storage/support/documents/,550,520,QLC,True,False,1440.0,55,100,68,75,74,GHOUL,58,71,94,78,74,verified-family,family,
Samsung,870 EVO,250,SATA SSD,SATA 6 Gbps,2.5-inch,https://semiconductor.samsung.com/consumer-storage/support/documents/,560,530,TLC,True,False,150.0,55,35,92,88,62,REVENANT,64,33,46,75,61,verified-family,family,
Samsung,870 EVO,500,SATA SSD,SATA 6 Gbps,2.5-inch,https://semiconductor.samsung.com/consumer-storage/support/documents/,560,530,TLC,True,False,300.0,55,65,92,88,71,GHOUL,64,58,70,84,71,verified-family,family,
Samsung,870 EVO,1000,SATA SSD,SATA 6 Gbps,2.5-inch,https://semiconductor.samsung.com/consumer-storage/support/documents/,560,530,TLC,True,False,600.0,55,85,92,88,77,GHOUL,64,66,86,90,77,verified-family,family,
Samsung,870 EVO,2000,SATA SSD,SATA 6 Gbps,2.5-inch,https://semiconductor.samsung.com/consumer-storage/support/documents/,560,530,TLC,True,False,1200.0,55,100,92,88,81,GHOUL,64,71,98,94,82,verified-family,family,
Samsung,870 EVO,4000,SATA SSD,SATA 6 Gbps,2.5-inch,https://semiconductor.samsung.com/consumer-storage/support/documents/,560,530,TLC,True,False,2400.0,55,100,92,88,81,GHOUL,64,71,98,94,82,verified-family,family,
Samsung,870 QVO,1000,SATA SSD,SATA 6 Gbps,2.5-inch,https://semiconductor.samsung.com/consumer-storage/support/documents/,560,530,QLC,True,False,360.0,55,85,70,75,70,GHOUL,59,66,82,74,70,verified-family,family,
Samsung,870 QVO,2000,SATA SSD,SATA 6 Gbps,2.5-inch,https://semiconductor.samsung.com/consumer-storage/support/documents/,560,530,QLC,True,False,720.0,55,100,70,75,74,GHOUL,59,71,94,79,75,verified-family,family,
Samsung,870 QVO,4000,SATA SSD,SATA 6 Gbps,2.5-inch,https://semiconductor.samsung.com/consumer-storage/support/documents/,560,530,QLC,True,False,1440.0,55,100,70,75,74,GHOUL,59,71,94,79,75,verified-family,family,
Samsung,870 QVO,8000,SATA SSD,SATA 6 Gbps,2.5-inch,https://semiconductor.samsung.com/consumer-storage/support/documents/,560,530,QLC,True,False,2880.0,55,100,70,75,74,GHOUL,59,71,94,79,75,verified-family,family,
Seagate,BarraCuda 120,250,SATA SSD,SATA 6 Gbps,2.5-inch,https://www.seagate.com/support/,560,540,TLC,True,False,150.0,55,35,84,88,60,REVENANT,62,33,45,69,58,family,family,
Seagate,BarraCuda 120,500,SATA SSD,SATA 6 Gbps,2.5-inch,https://www.seagate.com/support/,560,540,TLC,True,False,300.0,55,65,84,88,69,REVENANT,62,58,69,78,68,family,family,
Seagate,BarraCuda 120,1000,SATA SSD,SATA 6 Gbps,2.5-inch,https://www.seagate.com/support/,560,540,TLC,True,False,600.0,55,85,84,88,75,GHOUL,62,66,85,84,75,family,family,
Seagate,BarraCuda 120,2000,SATA SSD,SATA 6 Gbps,2.5-inch,https://www.seagate.com/support/,560,540,TLC,True,False,1200.0,55,100,84,88,79,GHOUL,62,71,97,89,80,family,family,
Seagate,BarraCuda 120,4000,SATA SSD,SATA 6 Gbps,2.5-inch,https://www.seagate.com/support/,560,540,TLC,True,False,2400.0,55,100,84,88,79,GHOUL,62,71,97,89,80,family,family,
Seagate,BarraCuda 125,250,SATA SSD,SATA 6 Gbps,2.5-inch,https://www.seagate.com/support/,560,540,TLC,True,False,150.0,55,35,84,88,60,REVENANT,62,33,45,69,58,family,family,
Seagate,BarraCuda 125,500,SATA SSD,SATA 6 Gbps,2.5-inch,https://www.seagate.com/support/,560,540,TLC,True,False,300.0,55,65,84,88,69,REVENANT,62,58,69,78,68,family,family,
Seagate,BarraCuda 125,1000,SATA SSD,SATA 6 Gbps,2.5-inch,https://www.seagate.com/support/,560,540,TLC,True,False,600.0,55,85,84,88,75,GHOUL,62,66,85,84,75,family,family,
Seagate,BarraCuda 125,2000,SATA SSD,SATA 6 Gbps,2.5-inch,https://www.seagate.com/support/,560,540,TLC,True,False,1200.0,55,100,84,88,79,GHOUL,62,71,97,89,80,family,family,
Seagate,BarraCuda 125,4000,SATA SSD,SATA 6 Gbps,2.5-inch,https://www.seagate.com/support/,560,540,TLC,True,False,2400.0,55,100,84,88,79,GHOUL,62,71,97,89,80,family,family,
Seagate,BarraCuda Q1,240,SATA SSD,SATA 6 Gbps,2.5-inch,https://www.seagate.com/support/,550,500,QLC,False,False,67.2,52,35,58,60,49,SCRAPWRAITH,54,31,40,51,48,family,family,
Seagate,BarraCuda Q1,480,SATA SSD,SATA 6 Gbps,2.5-inch,https://www.seagate.com/support/,550,500,QLC,False,False,134.4,52,65,58,60,58,REVENANT,54,57,64,60,58,family,family,
Seagate,BarraCuda Q1,960,SATA SSD,SATA 6 Gbps,2.5-inch,https://www.seagate.com/support/,550,500,QLC,False,False,268.8,52,85,58,60,64,REVENANT,54,64,80,66,65,family,family,
Seagate,FireCuda 120,500,SATA SSD,SATA 6 Gbps,2.5-inch,https://www.seagate.com/support/,560,540,TLC,True,False,700.0,55,65,92,100,72,GHOUL,64,58,70,84,71,family,family,
Seagate,FireCuda 120,1000,SATA SSD,SATA 6 Gbps,2.5-inch,https://www.seagate.com/support/,560,540,TLC,True,False,1400.0,55,85,92,100,78,GHOUL,64,66,86,90,77,family,family,
Seagate,FireCuda 120,2000,SATA SSD,SATA 6 Gbps,2.5-inch,https://www.seagate.com/support/,560,540,TLC,True,False,2800.0,55,100,92,100,82,GHOUL,64,71,98,94,82,family,family,
Seagate,FireCuda 120,4000,SATA SSD,SATA 6 Gbps,2.5-inch,https://www.seagate.com/support/,560,540,TLC,True,False,5600.0,55,100,92,100,82,GHOUL,64,71,98,94,82,family,family,
Silicon Power,A55,128,SATA SSD,SATA 6 Gbps,2.5-inch,https://www.silicon-power.com/web/download-TBW,560,530,TLC/QLC,False,False,64.0,52,15,58,75,45,SCRAPBLADE,29,24,24,45,42,family,family,
Silicon Power,A55,256,SATA SSD,SATA 6 Gbps,2.5-inch,https://www.silicon-power.com/web/download-TBW,560,530,TLC/QLC,False,False,128.0,52,35,58,75,51,SCRAPWRAITH,54,31,40,51,48,family,family,
Silicon Power,A55,512,SATA SSD,SATA 6 Gbps,2.5-inch,https://www.silicon-power.com/web/download-TBW,560,530,TLC/QLC,False,False,256.0,52,65,58,75,60,REVENANT,54,57,64,60,58,family,family,
Silicon Power,A55,1000,SATA SSD,SATA 6 Gbps,2.5-inch,https://www.silicon-power.com/web/download-TBW,560,530,TLC/QLC,False,False,500.0,52,85,58,75,66,REVENANT,54,64,80,66,65,family,family,
Silicon Power,A55,2000,SATA SSD,SATA 6 Gbps,2.5-inch,https://www.silicon-power.com/web/download-TBW,560,530,TLC/QLC,False,False,1000.0,52,100,58,75,70,GHOUL,54,69,92,71,70,family,family,
Silicon Power,A55,4000,SATA SSD,SATA 6 Gbps,2.5-inch,https://www.silicon-power.com/web/download-TBW,560,530,TLC/QLC,False,False,2000.0,52,100,58,75,70,GHOUL,54,69,92,71,70,family,family,
Silicon Power,A56,128,SATA SSD,SATA 6 Gbps,2.5-inch,https://www.silicon-power.com/web/download-TBW,560,530,TLC,False,False,64.0,52,15,60,75,45,SCRAPBLADE,29,24,24,46,42,family,family,
Silicon Power,A56,256,SATA SSD,SATA 6 Gbps,2.5-inch,https://www.silicon-power.com/web/download-TBW,560,530,TLC,False,False,128.0,52,35,60,75,51,SCRAPWRAITH,54,31,40,52,49,family,family,
Silicon Power,A56,512,SATA SSD,SATA 6 Gbps,2.5-inch,https://www.silicon-power.com/web/download-TBW,560,530,TLC,False,False,256.0,52,65,60,75,60,REVENANT,54,57,64,62,59,family,family,
Silicon Power,A56,1000,SATA SSD,SATA 6 Gbps,2.5-inch,https://www.silicon-power.com/web/download-TBW,560,530,TLC,False,False,500.0,52,85,60,75,66,REVENANT,54,64,80,68,66,family,family,
Silicon Power,A56,2000,SATA SSD,SATA 6 Gbps,2.5-inch,https://www.silicon-power.com/web/download-TBW,560,530,TLC,False,False,1000.0,52,100,60,75,71,GHOUL,54,69,92,72,71,family,family,
Silicon Power,S55,120,SATA SSD,SATA 6 Gbps,2.5-inch,https://www.silicon-power.com/web/download-TBW,550,450,TLC,False,False,31.2,49,15,56,60,42,SCRAPBLADE,26,22,23,44,40,family,family,
Silicon Power,S55,240,SATA SSD,SATA 6 Gbps,2.5-inch,https://www.silicon-power.com/web/download-TBW,550,450,TLC,False,False,62.4,49,35,56,60,48,SCRAPWRAITH,51,29,39,50,47,family,family,
Silicon Power,S55,480,SATA SSD,SATA 6 Gbps,2.5-inch,https://www.silicon-power.com/web/download-TBW,550,450,TLC,False,False,124.8,49,65,56,60,57,REVENANT,51,55,63,59,57,family,family,
Silicon Power,S55,960,SATA SSD,SATA 6 Gbps,2.5-inch,https://www.silicon-power.com/web/download-TBW,550,450,TLC,False,False,249.6,49,85,56,60,63,REVENANT,51,62,79,65,63,family,family,
TeamGroup,AX1,120,SATA SSD,SATA 6 Gbps,2.5-inch,https://www.teamgroupinc.com/en/support/,530,480,TLC,False,False,36.0,45,15,58,60,41,SCRAPBLADE,23,19,24,45,39,family,family,
TeamGroup,AX1,240,SATA SSD,SATA 6 Gbps,2.5-inch,https://www.teamgroupinc.com/en/support/,530,480,TLC,False,False,72.0,45,35,58,60,47,SCRAPWRAITH,48,27,40,51,46,family,family,
TeamGroup,AX1,480,SATA SSD,SATA 6 Gbps,2.5-inch,https://www.teamgroupinc.com/en/support/,530,480,TLC,False,False,144.0,45,65,58,60,56,REVENANT,48,52,64,60,56,family,family,
TeamGroup,AX1,960,SATA SSD,SATA 6 Gbps,2.5-inch,https://www.teamgroupinc.com/en/support/,530,480,TLC,False,False,288.0,45,85,58,60,62,REVENANT,48,59,80,66,63,family,family,
TeamGroup,AX2,256,SATA SSD,SATA 6 Gbps,2.5-inch,https://www.teamgroupinc.com/en/support/,540,490,TLC,False,False,76.8,45,35,60,60,47,SCRAPWRAITH,49,27,40,52,47,family,family,
TeamGroup,AX2,512,SATA SSD,SATA 6 Gbps,2.5-inch,https://www.teamgroupinc.com/en/support/,540,490,TLC,False,False,153.6,45,65,60,60,56,REVENANT,49,52,64,62,57,family,family,
TeamGroup,AX2,1000,SATA SSD,SATA 6 Gbps,2.5-inch,https://www.teamgroupinc.com/en/support/,540,490,TLC,False,False,300.0,45,85,60,60,62,REVENANT,49,59,80,68,63,family,family,
TeamGroup,AX2,2000,SATA SSD,SATA 6 Gbps,2.5-inch,https://www.teamgroupinc.com/en/support/,540,490,TLC,False,False,600.0,45,100,60,60,67,REVENANT,49,64,92,72,68,family,family,
TeamGroup,CX1,120,SATA SSD,SATA 6 Gbps,2.5-inch,https://www.teamgroupinc.com/en/support/,540,490,TLC,False,False,36.0,45,15,58,60,41,SCRAPBLADE,23,19,24,45,39,family,family,
TeamGroup,CX1,240,SATA SSD,SATA 6 Gbps,2.5-inch,https://www.teamgroupinc.com/en/support/,540,490,TLC,False,False,72.0,45,35,58,60,47,SCRAPWRAITH,48,27,40,51,46,family,family,
TeamGroup,CX1,480,SATA SSD,SATA 6 Gbps,2.5-inch,https://www.teamgroupinc.com/en/support/,540,490,TLC,False,False,144.0,45,65,58,60,56,REVENANT,48,52,64,60,56,family,family,
TeamGroup,CX1,960,SATA SSD,SATA 6 Gbps,2.5-inch,https://www.teamgroupinc.com/en/support/,540,490,TLC,False,False,288.0,45,85,58,60,62,REVENANT,48,59,80,66,63,family,family,
TeamGroup,CX2,256,SATA SSD,SATA 6 Gbps,2.5-inch,https://www.teamgroupinc.com/en/support/,540,490,TLC,False,False,76.8,45,35,60,60,47,SCRAPWRAITH,49,27,40,52,47,family,family,
TeamGroup,CX2,512,SATA SSD,SATA 6 Gbps,2.5-inch,https://www.teamgroupinc.com/en/support/,540,490,TLC,False,False,153.6,45,65,60,60,56,REVENANT,49,52,64,62,57,family,family,
TeamGroup,CX2,1000,SATA SSD,SATA 6 Gbps,2.5-inch,https://www.teamgroupinc.com/en/support/,540,490,TLC,False,False,300.0,45,85,60,60,62,REVENANT,49,59,80,68,63,family,family,
TeamGroup,CX2,2000,SATA SSD,SATA 6 Gbps,2.5-inch,https://www.teamgroupinc.com/en/support/,540,490,TLC,False,False,600.0,45,100,60,60,67,REVENANT,49,64,92,72,68,family,family,
TeamGroup,EX2,512,SATA SSD,SATA 6 Gbps,2.5-inch,https://www.teamgroupinc.com/en/support/,550,520,TLC,False,False,204.8,52,65,64,75,61,REVENANT,55,57,65,64,60,family,family,
TeamGroup,EX2,1000,SATA SSD,SATA 6 Gbps,2.5-inch,https://www.teamgroupinc.com/en/support/,550,520,TLC,False,False,400.0,52,85,64,75,67,REVENANT,55,64,81,70,67,family,family,
TeamGroup,EX2,2000,SATA SSD,SATA 6 Gbps,2.5-inch,https://www.teamgroupinc.com/en/support/,550,520,TLC,False,False,800.0,52,100,64,75,72,GHOUL,55,69,93,75,72,family,family,
TeamGroup,GX1,120,SATA SSD,SATA 6 Gbps,2.5-inch,https://www.teamgroupinc.com/en/support/,530,480,TLC,False,False,30.0,45,15,56,60,40,SCRAPBLADE,23,19,23,44,39,family,family,
TeamGroup,GX1,240,SATA SSD,SATA 6 Gbps,2.5-inch,https://www.teamgroupinc.com/en/support/,530,480,TLC,False,False,60.0,45,35,56,60,46,SCRAPWRAITH,48,27,39,50,45,family,family,
TeamGroup,GX1,480,SATA SSD,SATA 6 Gbps,2.5-inch,https://www.teamgroupinc.com/en/support/,530,480,TLC,False,False,120.0,45,65,56,60,55,REVENANT,48,52,63,59,55,family,family,
TeamGroup,GX1,960,SATA SSD,SATA 6 Gbps,2.5-inch,https://www.teamgroupinc.com/en/support/,530,480,TLC,False,False,240.0,45,85,56,60,61,REVENANT,48,59,79,65,62,family,family,
TeamGroup,GX2,128,SATA SSD,SATA 6 Gbps,2.5-inch,https://www.teamgroupinc.com/en/support/,530,480,TLC,False,False,38.4,45,15,58,60,41,SCRAPBLADE,23,19,24,45,39,family,family,
TeamGroup,GX2,256,SATA SSD,SATA 6 Gbps,2.5-inch,https://www.teamgroupinc.com/en/support/,530,480,TLC,False,False,76.8,45,35,58,60,47,SCRAPWRAITH,48,27,40,51,46,family,family,
TeamGroup,GX2,512,SATA SSD,SATA 6 Gbps,2.5-inch,https://www.teamgroupinc.com/en/support/,530,480,TLC,False,False,153.6,45,65,58,60,56,REVENANT,48,52,64,60,56,family,family,
TeamGroup,GX2,1000,SATA SSD,SATA 6 Gbps,2.5-inch,https://www.teamgroupinc.com/en/support/,530,480,TLC,False,False,300.0,45,85,58,60,62,REVENANT,48,59,80,66,63,family,family,
TeamGroup,GX2,2000,SATA SSD,SATA 6 Gbps,2.5-inch,https://www.teamgroupinc.com/en/support/,530,480,TLC,False,False,600.0,45,100,58,60,66,REVENANT,48,64,92,71,68,family,family,
TeamGroup,L3 EVO,120,SATA SSD,SATA 6 Gbps,2.5-inch,https://www.teamgroupinc.com/en/support/,530,470,TLC,False,False,30.0,45,15,55,60,40,SCRAPBLADE,23,19,23,43,38,family,family,
TeamGroup,L3 EVO,240,SATA SSD,SATA 6 Gbps,2.5-inch,https://www.teamgroupinc.com/en/support/,530,470,TLC,False,False,60.0,45,35,55,60,46,SCRAPWRAITH,48,27,39,49,45,family,family,
TeamGroup,L3 EVO,480,SATA SSD,SATA 6 Gbps,2.5-inch,https://www.teamgroupinc.com/en/support/,530,470,TLC,False,False,120.0,45,65,55,60,55,REVENANT,48,52,63,58,55,family,family,
TeamGroup,L5 Lite,60,SATA SSD,SATA 6 Gbps,2.5-inch,https://www.teamgroupinc.com/en/support/,500,450,TLC,False,False,15.0,45,15,55,45,38,SCRAPBLADE,23,19,23,43,38,family,family,
TeamGroup,L5 Lite,120,SATA SSD,SATA 6 Gbps,2.5-inch,https://www.teamgroupinc.com/en/support/,500,450,TLC,False,False,30.0,45,15,55,60,40,SCRAPBLADE,23,19,23,43,38,family,family,
TeamGroup,L5 Lite,240,SATA SSD,SATA 6 Gbps,2.5-inch,https://www.teamgroupinc.com/en/support/,500,450,TLC,False,False,60.0,45,35,55,60,46,SCRAPWRAITH,48,27,39,49,45,family,family,
TeamGroup,L5 Lite,480,SATA SSD,SATA 6 Gbps,2.5-inch,https://www.teamgroupinc.com/en/support/,500,450,TLC,False,False,120.0,45,65,55,60,55,REVENANT,48,52,63,58,55,family,family,
TeamGroup,L5 Lite,1000,SATA SSD,SATA 6 Gbps,2.5-inch,https://www.teamgroupinc.com/en/support/,500,450,TLC,False,False,250.0,45,85,55,60,61,REVENANT,48,59,79,64,62,family,family,
TeamGroup,L5 Lite 3D,120,SATA SSD,SATA 6 Gbps,2.5-inch,https://www.teamgroupinc.com/en/support/,470,420,TLC,False,False,36.0,45,15,58,60,41,SCRAPBLADE,23,19,24,45,39,family,family,
TeamGroup,L5 Lite 3D,240,SATA SSD,SATA 6 Gbps,2.5-inch,https://www.teamgroupinc.com/en/support/,470,420,TLC,False,False,72.0,45,35,58,60,47,SCRAPWRAITH,48,27,40,51,46,family,family,
TeamGroup,L5 Lite 3D,480,SATA SSD,SATA 6 Gbps,2.5-inch,https://www.teamgroupinc.com/en/support/,470,420,TLC,False,False,144.0,45,65,58,60,56,REVENANT,48,52,64,60,56,family,family,
TeamGroup,L5 Lite 3D,1000,SATA SSD,SATA 6 Gbps,2.5-inch,https://www.teamgroupinc.com/en/support/,470,420,TLC,False,False,300.0,45,85,58,60,62,REVENANT,48,59,80,66,63,family,family,
TeamGroup,MS30,128,SATA SSD,SATA 6 Gbps,M.2 2280,https://www.teamgroupinc.com/en/support/,550,500,TLC,False,False,38.4,52,15,62,60,44,SCRAPBLADE,29,24,24,48,43,family,family,
TeamGroup,MS30,256,SATA SSD,SATA 6 Gbps,M.2 2280,https://www.teamgroupinc.com/en/support/,550,500,TLC,False,False,76.8,52,35,62,60,50,SCRAPWRAITH,54,31,40,54,50,family,family,
TeamGroup,MS30,512,SATA SSD,SATA 6 Gbps,M.2 2280,https://www.teamgroupinc.com/en/support/,550,500,TLC,False,False,153.6,52,65,62,60,59,REVENANT,54,57,64,63,60,family,family,
TeamGroup,MS30,1000,SATA SSD,SATA 6 Gbps,M.2 2280,https://www.teamgroupinc.com/en/support/,550,500,TLC,False,False,300.0,52,85,62,60,65,REVENANT,54,64,80,69,66,family,family,
TeamGroup,MS30,2000,SATA SSD,SATA 6 Gbps,M.2 2280,https://www.teamgroupinc.com/en/support/,550,500,TLC,False,False,600.0,52,100,62,60,70,GHOUL,54,69,92,73,71,family,family,
Transcend,MTS420S,120,SATA SSD,SATA 6 Gbps,M.2 2280,https://transcend-info.com/support/software/ssd-scope,560,500,TLC,False,False,36.0,52,15,62,60,44,SCRAPBLADE,29,24,24,48,43,family,family,
Transcend,MTS420S,240,SATA SSD,SATA 6 Gbps,M.2 2280,https://transcend-info.com/support/software/ssd-scope,560,500,TLC,False,False,72.0,52,35,62,60,50,SCRAPWRAITH,54,31,40,54,50,family,family,
Transcend,MTS420S,480,SATA SSD,SATA 6 Gbps,M.2 2280,https://transcend-info.com/support/software/ssd-scope,560,500,TLC,False,False,144.0,52,65,62,60,59,REVENANT,54,57,64,63,60,family,family,
Transcend,MTS430S,128,SATA SSD,SATA 6 Gbps,M.2 2280,https://transcend-info.com/support/software/ssd-scope,560,520,TLC,False,False,44.8,52,15,66,60,45,SCRAPWRAITH,31,24,25,51,44,family,family,
Transcend,MTS430S,256,SATA SSD,SATA 6 Gbps,M.2 2280,https://transcend-info.com/support/software/ssd-scope,560,520,TLC,False,False,89.6,52,35,66,60,51,SCRAPWRAITH,56,31,41,57,51,family,family,
Transcend,MTS430S,512,SATA SSD,SATA 6 Gbps,M.2 2280,https://transcend-info.com/support/software/ssd-scope,560,520,TLC,False,False,179.2,52,65,66,60,60,REVENANT,56,57,65,66,61,family,family,
Transcend,MTS430S,1000,SATA SSD,SATA 6 Gbps,M.2 2280,https://transcend-info.com/support/software/ssd-scope,560,520,TLC,False,False,350.0,52,85,66,75,68,REVENANT,56,64,81,72,68,family,family,
Transcend,MTS430S,2000,SATA SSD,SATA 6 Gbps,M.2 2280,https://transcend-info.com/support/software/ssd-scope,560,520,TLC,False,False,700.0,52,100,66,75,72,GHOUL,56,69,93,76,73,family,family,
Transcend,MTS800S,32,SATA SSD,SATA 6 Gbps,M.2 2280,https://transcend-info.com/support/software/ssd-scope,560,460,MLC,True,False,22.4,52,15,82,45,48,SCRAPWRAITH,35,24,28,62,50,family,family,
Transcend,MTS800S,64,SATA SSD,SATA 6 Gbps,M.2 2280,https://transcend-info.com/support/software/ssd-scope,560,460,MLC,True,False,44.8,52,15,82,75,51,SCRAPWRAITH,35,24,28,62,50,family,family,
Transcend,MTS800S,128,SATA SSD,SATA 6 Gbps,M.2 2280,https://transcend-info.com/support/software/ssd-scope,560,460,MLC,True,False,89.6,52,15,82,88,52,SCRAPWRAITH,35,24,28,62,50,family,family,
Transcend,MTS800S,256,SATA SSD,SATA 6 Gbps,M.2 2280,https://transcend-info.com/support/software/ssd-scope,560,460,MLC,True,False,179.2,52,35,82,88,58,REVENANT,60,31,44,68,56,family,family,
Transcend,MTS800S,512,SATA SSD,SATA 6 Gbps,M.2 2280,https://transcend-info.com/support/software/ssd-scope,560,460,MLC,True,False,358.4,52,65,82,88,67,REVENANT,60,57,68,77,66,family,family,
Transcend,MTS820S,120,SATA SSD,SATA 6 Gbps,M.2 2280,https://transcend-info.com/support/software/ssd-scope,560,500,TLC,False,False,36.0,52,15,64,60,45,SCRAPBLADE,30,24,25,49,44,family,family,
Transcend,MTS820S,240,SATA SSD,SATA 6 Gbps,M.2 2280,https://transcend-info.com/support/software/ssd-scope,560,500,TLC,False,False,72.0,52,35,64,60,51,SCRAPWRAITH,55,31,41,55,50,family,family,
Transcend,MTS820S,480,SATA SSD,SATA 6 Gbps,M.2 2280,https://transcend-info.com/support/software/ssd-scope,560,500,TLC,False,False,144.0,52,65,64,60,60,REVENANT,55,57,65,64,60,family,family,
Transcend,MTS820S,960,SATA SSD,SATA 6 Gbps,M.2 2280,https://transcend-info.com/support/software/ssd-scope,560,500,TLC,False,False,288.0,52,85,64,60,66,REVENANT,55,64,81,70,67,family,family,
Transcend,MTS830S,128,SATA SSD,SATA 6 Gbps,M.2 2280,https://transcend-info.com/support/software/ssd-scope,560,520,TLC,False,False,44.8,52,15,68,60,46,SCRAPWRAITH,31,24,26,52,45,family,family,
Transcend,MTS830S,256,SATA SSD,SATA 6 Gbps,M.2 2280,https://transcend-info.com/support/software/ssd-scope,560,520,TLC,False,False,89.6,52,35,68,60,52,SCRAPWRAITH,56,31,42,58,52,family,family,
Transcend,MTS830S,512,SATA SSD,SATA 6 Gbps,M.2 2280,https://transcend-info.com/support/software/ssd-scope,560,520,TLC,False,False,179.2,52,65,68,60,61,REVENANT,56,57,66,67,62,family,family,
Transcend,MTS830S,1000,SATA SSD,SATA 6 Gbps,M.2 2280,https://transcend-info.com/support/software/ssd-scope,560,520,TLC,False,False,350.0,52,85,68,75,68,REVENANT,56,64,82,73,68,family,family,
Transcend,MTS830S,2000,SATA SSD,SATA 6 Gbps,M.2 2280,https://transcend-info.com/support/software/ssd-scope,560,520,TLC,False,False,700.0,52,100,68,75,73,GHOUL,56,69,94,78,73,family,family,
Transcend,SSD220Q,500,SATA SSD,SATA 6 Gbps,2.5-inch,https://transcend-info.com/support/software/ssd-scope,550,500,QLC,False,False,100.0,52,65,54,60,57,REVENANT,52,57,63,57,57,family,family,
Transcend,SSD220Q,1000,SATA SSD,SATA 6 Gbps,2.5-inch,https://transcend-info.com/support/software/ssd-scope,550,500,QLC,False,False,200.0,52,85,54,60,63,REVENANT,52,64,79,63,64,family,family,
Transcend,SSD220Q,2000,SATA SSD,SATA 6 Gbps,2.5-inch,https://transcend-info.com/support/software/ssd-scope,550,500,QLC,False,False,400.0,52,100,54,60,68,REVENANT,52,69,91,68,69,family,family,
Transcend,SSD220S,120,SATA SSD,SATA 6 Gbps,2.5-inch,https://transcend-info.com/support/software/ssd-scope,550,450,TLC,False,False,36.0,49,15,62,60,43,SCRAPBLADE,27,22,24,48,42,family,family,
Transcend,SSD220S,240,SATA SSD,SATA 6 Gbps,2.5-inch,https://transcend-info.com/support/software/ssd-scope,550,450,TLC,False,False,72.0,49,35,62,60,49,SCRAPWRAITH,52,29,40,54,49,family,family,
Transcend,SSD220S,480,SATA SSD,SATA 6 Gbps,2.5-inch,https://transcend-info.com/support/software/ssd-scope,550,450,TLC,False,False,144.0,49,65,62,60,58,REVENANT,52,55,64,63,59,family,family,
Transcend,SSD220S,960,SATA SSD,SATA 6 Gbps,2.5-inch,https://transcend-info.com/support/software/ssd-scope,550,450,TLC,False,False,288.0,49,85,62,60,64,REVENANT,52,62,80,69,65,family,family,
Transcend,SSD225S,250,SATA SSD,SATA 6 Gbps,2.5-inch,https://transcend-info.com/support/software/ssd-scope,560,500,TLC,False,False,87.5,52,35,64,75,52,SCRAPWRAITH,55,31,41,55,50,family,family,
Transcend,SSD225S,500,SATA SSD,SATA 6 Gbps,2.5-inch,https://transcend-info.com/support/software/ssd-scope,560,500,TLC,False,False,175.0,52,65,64,75,61,REVENANT,55,57,65,64,60,family,family,
Transcend,SSD225S,1000,SATA SSD,SATA 6 Gbps,2.5-inch,https://transcend-info.com/support/software/ssd-scope,560,500,TLC,False,False,350.0,52,85,64,75,67,REVENANT,55,64,81,70,67,family,family,
Transcend,SSD225S,2000,SATA SSD,SATA 6 Gbps,2.5-inch,https://transcend-info.com/support/software/ssd-scope,560,500,TLC,False,False,700.0,52,100,64,75,72,GHOUL,55,69,93,75,72,family,family,
Transcend,SSD230S,128,SATA SSD,SATA 6 Gbps,2.5-inch,https://transcend-info.com/support/software/ssd-scope,560,520,TLC,True,False,51.2,55,15,78,75,51,SCRAPWRAITH,36,26,28,59,49,family,family,
Transcend,SSD230S,256,SATA SSD,SATA 6 Gbps,2.5-inch,https://transcend-info.com/support/software/ssd-scope,560,520,TLC,True,False,102.4,55,35,78,75,57,REVENANT,61,33,44,65,56,family,family,
Transcend,SSD230S,512,SATA SSD,SATA 6 Gbps,2.5-inch,https://transcend-info.com/support/software/ssd-scope,560,520,TLC,True,False,204.8,55,65,78,75,66,REVENANT,61,58,68,74,66,family,family,
Transcend,SSD230S,1000,SATA SSD,SATA 6 Gbps,2.5-inch,https://transcend-info.com/support/software/ssd-scope,560,520,TLC,True,False,400.0,55,85,78,75,72,GHOUL,61,66,84,80,73,family,family,
Transcend,SSD230S,2000,SATA SSD,SATA 6 Gbps,2.5-inch,https://transcend-info.com/support/software/ssd-scope,560,520,TLC,True,False,800.0,55,100,78,75,76,GHOUL,61,71,96,85,78,family,family,
Transcend,SSD230S,4000,SATA SSD,SATA 6 Gbps,2.5-inch,https://transcend-info.com/support/software/ssd-scope,560,520,TLC,True,False,1600.0,55,100,78,75,76,GHOUL,61,71,96,85,78,family,family,
Transcend,SSD250N,1000,SATA SSD,SATA 6 Gbps,2.5-inch,https://transcend-info.com/support/software/ssd-scope,560,520,TLC,True,False,600.0,55,85,82,88,74,GHOUL,62,66,84,83,74,family,family,
Transcend,SSD250N,2000,SATA SSD,SATA 6 Gbps,2.5-inch,https://transcend-info.com/support/software/ssd-scope,560,520,TLC,True,False,1200.0,55,100,82,88,79,GHOUL,62,71,96,87,79,family,family,
Transcend,SSD370,32,SATA SSD,SATA 6 Gbps,2.5-inch,https://transcend-info.com/support/software/ssd-scope,570,470,MLC,True,False,22.4,52,15,84,45,48,SCRAPWRAITH,35,24,29,63,50,family,family,
Transcend,SSD370,64,SATA SSD,SATA 6 Gbps,2.5-inch,https://transcend-info.com/support/software/ssd-scope,570,470,MLC,True,False,44.8,52,15,84,75,51,SCRAPWRAITH,35,24,29,63,50,family,family,
Transcend,SSD370,128,SATA SSD,SATA 6 Gbps,2.5-inch,https://transcend-info.com/support/software/ssd-scope,570,470,MLC,True,False,89.6,52,15,84,88,52,SCRAPWRAITH,35,24,29,63,50,family,family,
Transcend,SSD370,256,SATA SSD,SATA 6 Gbps,2.5-inch,https://transcend-info.com/support/software/ssd-scope,570,470,MLC,True,False,179.2,52,35,84,88,58,REVENANT,60,31,45,69,57,family,family,
Transcend,SSD370,512,SATA SSD,SATA 6 Gbps,2.5-inch,https://transcend-info.com/support/software/ssd-scope,570,470,MLC,True,False,358.4,52,65,84,88,68,REVENANT,60,57,69,78,67,family,family,
Transcend,SSD370,1000,SATA SSD,SATA 6 Gbps,2.5-inch,https://transcend-info.com/support/software/ssd-scope,570,470,MLC,True,False,700.0,52,85,84,88,74,GHOUL,60,64,85,84,74,family,family,
Transcend,SSD370S,32,SATA SSD,SATA 6 Gbps,2.5-inch,https://transcend-info.com/support/software/ssd-scope,560,460,MLC,True,False,22.4,52,15,84,45,48,SCRAPWRAITH,35,24,29,63,50,family,family,
Transcend,SSD370S,64,SATA SSD,SATA 6 Gbps,2.5-inch,https://transcend-info.com/support/software/ssd-scope,560,460,MLC,True,False,44.8,52,15,84,75,51,SCRAPWRAITH,35,24,29,63,50,family,family,
Transcend,SSD370S,128,SATA SSD,SATA 6 Gbps,2.5-inch,https://transcend-info.com/support/software/ssd-scope,560,460,MLC,True,False,89.6,52,15,84,88,52,SCRAPWRAITH,35,24,29,63,50,family,family,
Transcend,SSD370S,256,SATA SSD,SATA 6 Gbps,2.5-inch,https://transcend-info.com/support/software/ssd-scope,560,460,MLC,True,False,179.2,52,35,84,88,58,REVENANT,60,31,45,69,57,family,family,
Transcend,SSD370S,512,SATA SSD,SATA 6 Gbps,2.5-inch,https://transcend-info.com/support/software/ssd-scope,560,460,MLC,True,False,358.4,52,65,84,88,68,REVENANT,60,57,69,78,67,family,family,
Transcend,SSD370S,1000,SATA SSD,SATA 6 Gbps,2.5-inch,https://transcend-info.com/support/software/ssd-scope,560,460,MLC,True,False,700.0,52,85,84,88,74,GHOUL,60,64,85,84,74,family,family,
Western Digital,WD Blue 3D NAND SATA,250,SATA SSD,SATA 6 Gbps,2.5-inch,https://support-en.wd.com/,560,530,TLC,True,False,100.0,55,35,88,75,59,REVENANT,63,33,46,72,59,family,family,
Western Digital,WD Blue 3D NAND SATA,500,SATA SSD,SATA 6 Gbps,2.5-inch,https://support-en.wd.com/,560,530,TLC,True,False,200.0,55,65,88,75,68,REVENANT,63,58,70,81,69,family,family,
Western Digital,WD Blue 3D NAND SATA,1000,SATA SSD,SATA 6 Gbps,2.5-inch,https://support-en.wd.com/,560,530,TLC,True,False,400.0,55,85,88,75,74,GHOUL,63,66,86,87,76,family,family,
Western Digital,WD Blue 3D NAND SATA,2000,SATA SSD,SATA 6 Gbps,2.5-inch,https://support-en.wd.com/,560,530,TLC,True,False,800.0,55,100,88,75,79,GHOUL,63,71,98,92,81,family,family,
Western Digital,WD Blue 3D NAND SATA,4000,SATA SSD,SATA 6 Gbps,2.5-inch,https://support-en.wd.com/,560,530,TLC,True,False,1600.0,55,100,88,75,79,GHOUL,63,71,98,92,81,family,family,
Western Digital,WD Blue SA510,250,SATA SSD,SATA 6 Gbps,2.5-inch,https://support-en.wd.com/,560,520,TLC,False,False,100.0,52,35,73,75,54,SCRAPWRAITH,57,31,43,62,53,family,family,
Western Digital,WD Blue SA510,500,SATA SSD,SATA 6 Gbps,2.5-inch,https://support-en.wd.com/,560,520,TLC,False,False,200.0,52,65,73,75,63,REVENANT,57,57,67,71,63,family,family,
Western Digital,WD Blue SA510,1000,SATA SSD,SATA 6 Gbps,2.5-inch,https://support-en.wd.com/,560,520,TLC,False,False,400.0,52,85,73,75,69,REVENANT,57,64,83,77,70,family,family,
Western Digital,WD Blue SA510,2000,SATA SSD,SATA 6 Gbps,2.5-inch,https://support-en.wd.com/,560,520,TLC,False,False,800.0,52,100,73,75,74,GHOUL,57,69,95,81,75,family,family,
Western Digital,WD Blue SA510,4000,SATA SSD,SATA 6 Gbps,2.5-inch,https://support-en.wd.com/,560,520,TLC,False,False,1600.0,52,100,73,75,74,GHOUL,57,69,95,81,75,family,family,
Western Digital,WD Blue SATA SSD,250,SATA SSD,SATA 6 Gbps,2.5-inch,https://support-en.wd.com/,545,525,TLC,True,False,100.0,51,35,78,75,55,REVENANT,58,30,44,65,55,family,family,
Western Digital,WD Blue SATA SSD,500,SATA SSD,SATA 6 Gbps,2.5-inch,https://support-en.wd.com/,545,525,TLC,True,False,200.0,51,65,78,75,64,REVENANT,58,56,68,74,65,family,family,
Western Digital,WD Blue SATA SSD,1000,SATA SSD,SATA 6 Gbps,2.5-inch,https://support-en.wd.com/,545,525,TLC,True,False,400.0,51,85,78,75,70,GHOUL,58,63,84,80,71,family,family,
Western Digital,WD Green SATA SSD,120,SATA SSD,SATA 6 Gbps,2.5-inch,https://support-en.wd.com/,545,430,TLC/QLC,False,False,30.0,45,15,55,60,40,SCRAPBLADE,23,19,23,43,38,family,family,
Western Digital,WD Green SATA SSD,240,SATA SSD,SATA 6 Gbps,2.5-inch,https://support-en.wd.com/,545,430,TLC/QLC,False,False,60.0,45,35,55,60,46,SCRAPWRAITH,48,27,39,49,45,family,family,
Western Digital,WD Green SATA SSD,480,SATA SSD,SATA 6 Gbps,2.5-inch,https://support-en.wd.com/,545,430,TLC/QLC,False,False,120.0,45,65,55,60,55,REVENANT,48,52,63,58,55,family,family,
Western Digital,WD Green SATA SSD,1000,SATA SSD,SATA 6 Gbps,2.5-inch,https://support-en.wd.com/,545,430,TLC/QLC,False,False,250.0,45,85,55,60,61,REVENANT,48,59,79,64,62,family,family,
Western Digital,WD Green SATA SSD,2000,SATA SSD,SATA 6 Gbps,2.5-inch,https://support-en.wd.com/,545,430,TLC/QLC,False,False,500.0,45,100,55,60,66,REVENANT,48,64,91,68,67,family,family,
